slot,policy,jain,alpha_0,alpha_1,alpha_2,fuzzy_fairness,gini,max_min,mean_rate,cell_edge_rate,operator_imbalance,num_users,num_allocated,total_allocation
0,fuzzy_ablated,1.0,750.0,135.40251005511047,-3.3333333333333335,0.5257146339035057,0.0,15.0,62324434.474142745,30465185.63783571,0.01333333333333342,50,50,750.0
1,fuzzy_ablated,0.0,0.0,0.0,0.0,0.5218561783595959,1.0,0.0,63800049.404641,35454928.28959361,1.0,50,0,0.0
2,fuzzy_ablated,0.0,0.0,0.0,0.0,0.5295264259081243,1.0,0.0,62670987.53700788,33905336.220816836,1.0,50,0,0.0
3,fuzzy_ablated,0.0,0.0,0.0,0.0,0.5606516522775978,1.0,0.0,61345287.87452732,32726291.573845804,1.0,50,0,0.0
4,fuzzy_ablated,0.0,0.0,0.0,0.0,0.4969413908501472,1.0,0.0,63889072.498674706,35805082.69971313,1.0,50,0,0.0
5,fuzzy_ablated,0.0,0.0,0.0,0.0,0.48870069071406674,1.0,0.0,67992462.11858685,37893957.46860055,1.0,50,0,0.0
6,fuzzy_ablated,0.0,0.0,0.0,0.0,0.5548598336506229,1.0,0.0,64553150.86716914,37301380.40264566,1.0,50,0,0.0
7,fuzzy_ablated,0.0,0.0,0.0,0.0,0.5179853925308681,1.0,0.0,61576908.99111592,34218474.112779535,1.0,50,0,0.0
8,fuzzy_ablated,0.0,0.0,0.0,0.0,0.5053115801198321,1.0,0.0,62833125.88988311,33264586.91752327,1.0,50,0,0.0
9,fuzzy_ablated,0.0,0.0,0.0,0.0,0.5166692086544745,1.0,0.0,57827407.123401836,34386057.962028116,1.0,50,0,0.0
10,fuzzy_ablated,0.0,0.0,0.0,0.0,0.5174824204833126,1.0,0.0,65724783.14775669,33042427.189632688,1.0,50,0,0.0
11,fuzzy_ablated,0.0,0.0,0.0,0.0,0.480147700007695,1.0,0.0,66031857.77889026,33330607.4152573,1.0,50,0,0.0
12,fuzzy_ablated,0.0,0.0,0.0,0.0,0.5355315164591662,1.0,0.0,60786313.83035949,31854741.352752544,1.0,50,0,0.0
13,fuzzy_ablated,0.0,0.0,0.0,0.0,0.5105423300077309,1.0,0.0,69678462.7021333,34388395.97534497,1.0,50,0,0.0
14,fuzzy_ablated,0.0,0.0,0.0,0.0,0.47913645412856637,1.0,0.0,65594232.83484543,36426364.08917083,1.0,50,0,0.0
15,fuzzy_ablated,0.0,0.0,0.0,0.0,0.5239121885963564,1.0,0.0,64411370.242493734,34251932.6448891,1.0,50,0,0.0
16,fuzzy_ablated,0.0,0.0,0.0,0.0,0.4860383892104385,1.0,0.0,61667685.37615312,32850701.816272195,1.0,50,0,0.0
17,fuzzy_ablated,0.0,0.0,0.0,0.0,0.4970576572118236,1.0,0.0,65172497.822658435,33489666.12073153,1.0,50,0,0.0
18,fuzzy_ablated,0.0,0.0,0.0,0.0,0.5020538068044144,1.0,0.0,66506696.127691574,31125747.858595733,1.0,50,0,0.0
19,fuzzy_ablated,0.0,0.0,0.0,0.0,0.5147941296602354,1.0,0.0,66430373.16454013,33280473.971724864,1.0,50,0,0.0
20,fuzzy_ablated,0.0,0.0,0.0,0.0,0.5252912630009864,1.0,0.0,62166277.51876067,37142490.59671236,1.0,50,0,0.0
21,fuzzy_ablated,0.0,0.0,0.0,0.0,0.5085099651987552,1.0,0.0,66484045.824200384,31296218.31902213,1.0,50,0,0.0
22,fuzzy_ablated,0.0,0.0,0.0,0.0,0.5205255604120904,1.0,0.0,62576644.263713025,35297341.95542199,1.0,50,0,0.0
23,fuzzy_ablated,0.0,0.0,0.0,0.0,0.4994817439132031,1.0,0.0,66356872.48154684,31685200.277136635,1.0,50,0,0.0
24,fuzzy_ablated,0.0,0.0,0.0,0.0,0.5341923858492841,1.0,0.0,61252514.15067618,32995932.144390218,1.0,50,0,0.0
25,fuzzy_ablated,0.0,0.0,0.0,0.0,0.5177330223001647,1.0,0.0,67278722.25723153,37175037.50274513,1.0,50,0,0.0
26,fuzzy_ablated,0.0,0.0,0.0,0.0,0.5476477989510156,1.0,0.0,62979497.983442515,33687311.23791308,1.0,50,0,0.0
27,fuzzy_ablated,0.0,0.0,0.0,0.0,0.527771494239452,1.0,0.0,68130849.98229931,33661461.099501304,1.0,50,0,0.0
28,fuzzy_ablated,0.0,0.0,0.0,0.0,0.5149391635637875,1.0,0.0,63517482.420012474,32732643.37957527,1.0,50,0,0.0
29,fuzzy_ablated,0.0,0.0,0.0,0.0,0.5424893401814738,1.0,0.0,61603913.7324304,34630593.042777844,1.0,50,0,0.0
30,fuzzy_ablated,0.0,0.0,0.0,0.0,0.517294420682326,1.0,0.0,68138155.50366925,36258858.85475262,1.0,50,0,0.0
31,fuzzy_ablated,0.0,0.0,0.0,0.0,0.5317465334584256,1.0,0.0,63958411.92491144,31459205.207484975,1.0,50,0,0.0
32,fuzzy_ablated,0.0,0.0,0.0,0.0,0.5162338035240905,1.0,0.0,64478460.21414027,34874724.189304255,1.0,50,0,0.0
33,fuzzy_ablated,0.0,0.0,0.0,0.0,0.5113149897715565,1.0,0.0,61899024.03148015,33420927.54263495,1.0,50,0,0.0
34,fuzzy_ablated,0.0,0.0,0.0,0.0,0.5284260156909706,1.0,0.0,62396678.13440769,33371431.408938058,1.0,50,0,0.0
35,fuzzy_ablated,0.0,0.0,0.0,0.0,0.5445739694063056,1.0,0.0,63336416.91955372,38403026.076681204,1.0,50,0,0.0
36,fuzzy_ablated,0.0,0.0,0.0,0.0,0.5201573480691662,1.0,0.0,62950794.806899935,31659781.964230992,1.0,50,0,0.0
37,fuzzy_ablated,0.0,0.0,0.0,0.0,0.5043302116267231,1.0,0.0,61489515.93345794,32247002.63166329,1.0,50,0,0.0
38,fuzzy_ablated,0.0,0.0,0.0,0.0,0.46731813874598216,1.0,0.0,69135616.20175864,34511366.71612971,1.0,50,0,0.0
39,fuzzy_ablated,0.0,0.0,0.0,0.0,0.5239099567685872,1.0,0.0,57425721.038950995,34508699.1144978,1.0,50,0,0.0
40,fuzzy_ablated,0.0,0.0,0.0,0.0,0.522237473543418,1.0,0.0,64185775.10058503,34223367.29394189,1.0,50,0,0.0
41,fuzzy_ablated,0.0,0.0,0.0,0.0,0.5137775749500484,1.0,0.0,65817872.37144623,34285799.891487375,1.0,50,0,0.0
42,fuzzy_ablated,0.0,0.0,0.0,0.0,0.49483084584096754,1.0,0.0,64899332.42596684,34606757.19116334,1.0,50,0,0.0
43,fuzzy_ablated,0.0,0.0,0.0,0.0,0.5041670272756879,1.0,0.0,66723279.70974445,38106784.11628163,1.0,50,0,0.0
44,fuzzy_ablated,0.0,0.0,0.0,0.0,0.522092442321005,1.0,0.0,66007900.80496469,37297107.92760294,1.0,50,0,0.0
45,fuzzy_ablated,0.0,0.0,0.0,0.0,0.5388728432425938,1.0,0.0,68268539.34630628,33451762.56351052,1.0,50,0,0.0
46,fuzzy_ablated,0.0,0.0,0.0,0.0,0.49898252777444924,1.0,0.0,65288155.168845154,34490764.096861966,1.0,50,0,0.0
47,fuzzy_ablated,0.0,0.0,0.0,0.0,0.5389486719360619,1.0,0.0,66379351.63808459,31489449.534668133,1.0,50,0,0.0
48,fuzzy_ablated,0.0,0.0,0.0,0.0,0.5091407565212207,1.0,0.0,67568348.91615723,36589092.73656819,1.0,50,0,0.0
49,fuzzy_ablated,0.0,0.0,0.0,0.0,0.5439833452025336,1.0,0.0,61810683.431901954,33267419.042805687,1.0,50,0,0.0
50,fuzzy_ablated,0.0,0.0,0.0,0.0,0.4782596540939864,1.0,0.0,65155508.61584403,35971503.32003281,1.0,50,0,0.0
51,fuzzy_ablated,0.0,0.0,0.0,0.0,0.502386325625872,1.0,0.0,64636247.25191552,35271058.93668814,1.0,50,0,0.0
52,fuzzy_ablated,0.0,0.0,0.0,0.0,0.5302693069860418,1.0,0.0,60047447.58039203,32987712.442167893,1.0,50,0,0.0
53,fuzzy_ablated,0.0,0.0,0.0,0.0,0.5160573131644307,1.0,0.0,63289363.61238497,32638553.618182212,1.0,50,0,0.0
54,fuzzy_ablated,0.0,0.0,0.0,0.0,0.5091176233929763,1.0,0.0,62043572.67855579,34182490.7635042,1.0,50,0,0.0
55,fuzzy_ablated,0.0,0.0,0.0,0.0,0.5121144689524845,1.0,0.0,67983773.49049987,36269775.849524185,1.0,50,0,0.0
56,fuzzy_ablated,0.0,0.0,0.0,0.0,0.5299458644849447,1.0,0.0,66578886.84092344,35525975.2275311,1.0,50,0,0.0
57,fuzzy_ablated,0.0,0.0,0.0,0.0,0.47531650448628066,1.0,0.0,63962160.31981591,36660777.69114524,1.0,50,0,0.0
58,fuzzy_ablated,0.0,0.0,0.0,0.0,0.5260061312672333,1.0,0.0,66688748.64650168,37795899.49691471,1.0,50,0,0.0
59,fuzzy_ablated,0.0,0.0,0.0,0.0,0.5493010106236155,1.0,0.0,63067491.527573675,36315144.08025949,1.0,50,0,0.0
60,fuzzy_ablated,0.0,0.0,0.0,0.0,0.5046541142741091,1.0,0.0,65315747.8759027,34839793.48734882,1.0,50,0,0.0
61,fuzzy_ablated,0.0,0.0,0.0,0.0,0.5452127805719692,1.0,0.0,66907219.82070374,33283715.833061088,1.0,50,0,0.0
62,fuzzy_ablated,0.0,0.0,0.0,0.0,0.5097462909439368,1.0,0.0,67596670.45583943,37910883.34772229,1.0,50,0,0.0
63,fuzzy_ablated,0.0,0.0,0.0,0.0,0.49112850719927165,1.0,0.0,64499057.70601869,34390607.4185369,1.0,50,0,0.0
64,fuzzy_ablated,0.0,0.0,0.0,0.0,0.5048384792753822,1.0,0.0,68672590.57630265,32636244.82398213,1.0,50,0,0.0
65,fuzzy_ablated,0.0,0.0,0.0,0.0,0.5140238264155547,1.0,0.0,68279795.52315754,32344491.7207207,1.0,50,0,0.0
66,fuzzy_ablated,0.0,0.0,0.0,0.0,0.5333608504035264,1.0,0.0,68251926.71726692,36422905.44246195,1.0,50,0,0.0
67,fuzzy_ablated,0.0,0.0,0.0,0.0,0.5125557103101546,1.0,0.0,63277247.83429043,33706437.73872981,1.0,50,0,0.0
68,fuzzy_ablated,0.0,0.0,0.0,0.0,0.4955595075126077,1.0,0.0,63744803.00127135,33442644.54683376,1.0,50,0,0.0
69,fuzzy_ablated,0.0,0.0,0.0,0.0,0.527172942879624,1.0,0.0,66902249.33396662,32429161.148290798,1.0,50,0,0.0
70,fuzzy_ablated,0.0,0.0,0.0,0.0,0.5460639764370052,1.0,0.0,64168108.22427767,33611840.75871799,1.0,50,0,0.0
71,fuzzy_ablated,0.0,0.0,0.0,0.0,0.5107467065919977,1.0,0.0,62989903.99956639,39968355.83639688,1.0,50,0,0.0
72,fuzzy_ablated,0.0,0.0,0.0,0.0,0.5228401146715457,1.0,0.0,64805850.96580193,34262059.22267013,1.0,50,0,0.0
73,fuzzy_ablated,0.0,0.0,0.0,0.0,0.5367144391254488,1.0,0.0,68082198.35207795,32330778.149296712,1.0,50,0,0.0
74,fuzzy_ablated,0.0,0.0,0.0,0.0,0.524788554201919,1.0,0.0,67064353.61582782,34718360.653058626,1.0,50,0,0.0
75,fuzzy_ablated,0.0,0.0,0.0,0.0,0.5006770114551291,1.0,0.0,63829727.28836941,33787392.47306384,1.0,50,0,0.0
76,fuzzy_ablated,0.0,0.0,0.0,0.0,0.4817305791725395,1.0,0.0,59735850.106146485,32605724.82500581,1.0,50,0,0.0
77,fuzzy_ablated,0.0,0.0,0.0,0.0,0.5177215837730498,1.0,0.0,63682403.24292657,33732891.47627242,1.0,50,0,0.0
78,fuzzy_ablated,0.0,0.0,0.0,0.0,0.5352268933232271,1.0,0.0,69288927.47882362,35776918.298076734,1.0,50,0,0.0
79,fuzzy_ablated,0.0,0.0,0.0,0.0,0.5076653210515617,1.0,0.0,63193841.4592514,34095293.840291925,1.0,50,0,0.0
80,fuzzy_ablated,0.0,0.0,0.0,0.0,0.499008456836335,1.0,0.0,63742856.81937849,34920119.728559926,1.0,50,0,0.0
81,fuzzy_ablated,0.0,0.0,0.0,0.0,0.5293175570293465,1.0,0.0,68432998.45778173,36537879.28514381,1.0,50,0,0.0
82,fuzzy_ablated,0.0,0.0,0.0,0.0,0.5159310335218966,1.0,0.0,59937526.31934519,34379322.051902175,1.0,50,0,0.0
83,fuzzy_ablated,0.0,0.0,0.0,0.0,0.5474062185048655,1.0,0.0,63643224.90587476,35640361.70491769,1.0,50,0,0.0
84,fuzzy_ablated,0.0,0.0,0.0,0.0,0.522007147034228,1.0,0.0,70060828.16002126,36393746.597125806,1.0,50,0,0.0
85,fuzzy_ablated,0.0,0.0,0.0,0.0,0.5104518157951997,1.0,0.0,66332689.7867213,33333240.708180185,1.0,50,0,0.0
86,fuzzy_ablated,0.0,0.0,0.0,0.0,0.516290475717027,1.0,0.0,64799722.86695047,36809265.506589465,1.0,50,0,0.0
87,fuzzy_ablated,0.0,0.0,0.0,0.0,0.5427241803711369,1.0,0.0,67992740.44036019,33961393.29401179,1.0,50,0,0.0
88,fuzzy_ablated,0.0,0.0,0.0,0.0,0.5262943155459046,1.0,0.0,64920714.37512377,34316290.405437656,1.0,50,0,0.0
89,fuzzy_ablated,0.0,0.0,0.0,0.0,0.5226095671680052,1.0,0.0,67809201.4347917,36857269.9731844,1.0,50,0,0.0
90,fuzzy_ablated,0.0,0.0,0.0,0.0,0.5106009097526801,1.0,0.0,68840842.34717238,37525247.72403236,1.0,50,0,0.0
91,fuzzy_ablated,0.0,0.0,0.0,0.0,0.5196884466316206,1.0,0.0,65081994.748516634,39952097.11238899,1.0,50,0,0.0
92,fuzzy_ablated,0.0,0.0,0.0,0.0,0.5443251231118745,1.0,0.0,64077944.03369236,37817586.8555442,1.0,50,0,0.0
93,fuzzy_ablated,0.0,0.0,0.0,0.0,0.5338799887199663,1.0,0.0,63564836.63471987,34760601.760270715,1.0,50,0,0.0
94,fuzzy_ablated,0.0,0.0,0.0,0.0,0.5334497036777457,1.0,0.0,62689099.664849326,35834929.684036344,1.0,50,0,0.0
95,fuzzy_ablated,0.0,0.0,0.0,0.0,0.4976466579282002,1.0,0.0,65978828.09633894,35497244.7980903,1.0,50,0,0.0
96,fuzzy_ablated,0.0,0.0,0.0,0.0,0.5059564815499191,1.0,0.0,66816708.54204846,33927934.87144535,1.0,50,0,0.0
97,fuzzy_ablated,0.0,0.0,0.0,0.0,0.5474379364296023,1.0,0.0,63376308.739606954,33419691.686145816,1.0,50,0,0.0
98,fuzzy_ablated,0.0,0.0,0.0,0.0,0.5222403780985977,1.0,0.0,61016255.177354395,32425419.682242945,1.0,50,0,0.0
99,fuzzy_ablated,0.0,0.0,0.0,0.0,0.5497947803135876,1.0,0.0,66461059.51319811,39600970.614664555,1.0,50,0,0.0
100,fuzzy_ablated,0.0,0.0,0.0,0.0,0.5450548033032632,1.0,0.0,62437752.64807569,33327740.610553347,1.0,50,0,0.0
101,fuzzy_ablated,0.0,0.0,0.0,0.0,0.5342541960823801,1.0,0.0,65532392.69897109,32391572.017328218,1.0,50,0,0.0
102,fuzzy_ablated,0.0,0.0,0.0,0.0,0.5163784440212319,1.0,0.0,64766866.74419261,34550349.44609501,1.0,50,0,0.0
103,fuzzy_ablated,0.0,0.0,0.0,0.0,0.5121163770644614,1.0,0.0,65473319.659212105,33625005.856151775,1.0,50,0,0.0
104,fuzzy_ablated,0.0,0.0,0.0,0.0,0.5033164958294866,1.0,0.0,67610988.96021439,39327258.64492378,1.0,50,0,0.0
105,fuzzy_ablated,0.0,0.0,0.0,0.0,0.49742706101557793,1.0,0.0,66926226.73137038,31551166.821293853,1.0,50,0,0.0
106,fuzzy_ablated,0.0,0.0,0.0,0.0,0.5301071334061337,1.0,0.0,65972662.18586387,36598411.89272693,1.0,50,0,0.0
107,fuzzy_ablated,0.0,0.0,0.0,0.0,0.553139530875421,1.0,0.0,66843623.997514956,31325757.197258953,1.0,50,0,0.0
108,fuzzy_ablated,0.0,0.0,0.0,0.0,0.5562757305843042,1.0,0.0,65161055.34223281,37356599.638051696,1.0,50,0,0.0
109,fuzzy_ablated,0.0,0.0,0.0,0.0,0.5055967640734226,1.0,0.0,63017203.07615308,32585368.631846283,1.0,50,0,0.0
110,fuzzy_ablated,0.0,0.0,0.0,0.0,0.5195997006954416,1.0,0.0,63525006.4519042,32843198.809390184,1.0,50,0,0.0
111,fuzzy_ablated,0.0,0.0,0.0,0.0,0.5383812891542834,1.0,0.0,63246926.94790206,32886595.883357905,1.0,50,0,0.0
112,fuzzy_ablated,0.0,0.0,0.0,0.0,0.5407042891963035,1.0,0.0,68327361.84564875,34013876.18820602,1.0,50,0,0.0
113,fuzzy_ablated,0.0,0.0,0.0,0.0,0.5256439757558491,1.0,0.0,71648024.4666632,40254125.34685649,1.0,50,0,0.0
114,fuzzy_ablated,0.0,0.0,0.0,0.0,0.548135020766341,1.0,0.0,64856179.53850682,37473499.97428862,1.0,50,0,0.0
115,fuzzy_ablated,0.0,0.0,0.0,0.0,0.4785043222388896,1.0,0.0,63406390.220877334,30779120.1756129,1.0,50,0,0.0
116,fuzzy_ablated,0.0,0.0,0.0,0.0,0.5547382307142307,1.0,0.0,64878604.36375927,30919706.134968206,1.0,50,0,0.0
117,fuzzy_ablated,0.0,0.0,0.0,0.0,0.49055037504653426,1.0,0.0,72226637.86145897,38110710.94845199,1.0,50,0,0.0
118,fuzzy_ablated,0.0,0.0,0.0,0.0,0.5101742553779907,1.0,0.0,67001633.42891554,33271232.158409864,1.0,50,0,0.0
119,fuzzy_ablated,0.0,0.0,0.0,0.0,0.5203925989631536,1.0,0.0,67813103.96215247,33509500.21653683,1.0,50,0,0.0
120,fuzzy_ablated,0.0,0.0,0.0,0.0,0.5119498929206103,1.0,0.0,59240293.2728041,33992237.91749325,1.0,50,0,0.0
121,fuzzy_ablated,0.0,0.0,0.0,0.0,0.5271769847570708,1.0,0.0,64602477.466413945,36708058.52291059,1.0,50,0,0.0
122,fuzzy_ablated,0.0,0.0,0.0,0.0,0.552971084760139,1.0,0.0,60897643.87097743,36670829.46335767,1.0,50,0,0.0
123,fuzzy_ablated,0.0,0.0,0.0,0.0,0.5038047485303536,1.0,0.0,64518183.24294502,35836338.8053414,1.0,50,0,0.0
124,fuzzy_ablated,0.0,0.0,0.0,0.0,0.531708302883831,1.0,0.0,62893303.06262803,32897268.485209834,1.0,50,0,0.0
125,fuzzy_ablated,0.0,0.0,0.0,0.0,0.5057975858748339,1.0,0.0,65298179.61088229,37270996.503056586,1.0,50,0,0.0
126,fuzzy_ablated,0.0,0.0,0.0,0.0,0.5030203928907566,1.0,0.0,65476205.09184132,32392074.460659795,1.0,50,0,0.0
127,fuzzy_ablated,0.0,0.0,0.0,0.0,0.49674102983248064,1.0,0.0,63367252.89696817,33543996.40197427,1.0,50,0,0.0
128,fuzzy_ablated,0.0,0.0,0.0,0.0,0.5370788354634373,1.0,0.0,67267840.74217634,35382973.805183776,1.0,50,0,0.0
129,fuzzy_ablated,0.0,0.0,0.0,0.0,0.5234530929166298,1.0,0.0,69086545.92188673,38283695.45361423,1.0,50,0,0.0
130,fuzzy_ablated,0.0,0.0,0.0,0.0,0.5397058808613171,1.0,0.0,66480240.21436602,35421345.74050072,1.0,50,0,0.0
131,fuzzy_ablated,0.0,0.0,0.0,0.0,0.5452475527826155,1.0,0.0,59908861.08960907,33281933.947894458,1.0,50,0,0.0
132,fuzzy_ablated,0.0,0.0,0.0,0.0,0.5117848786252233,1.0,0.0,72187210.39758636,36649560.14018499,1.0,50,0,0.0
133,fuzzy_ablated,0.0,0.0,0.0,0.0,0.5169807295036531,1.0,0.0,71432636.0849089,39419966.03654331,1.0,50,0,0.0
134,fuzzy_ablated,0.0,0.0,0.0,0.0,0.5390536863520462,1.0,0.0,61573256.73790357,33998562.674303524,1.0,50,0,0.0
135,fuzzy_ablated,0.0,0.0,0.0,0.0,0.5213799950727601,1.0,0.0,64958801.2109369,35460266.66089082,1.0,50,0,0.0
136,fuzzy_ablated,0.0,0.0,0.0,0.0,0.5147817090429302,1.0,0.0,65295475.40696475,32533373.05488066,1.0,50,0,0.0
137,fuzzy_ablated,0.0,0.0,0.0,0.0,0.5235239957272864,1.0,0.0,63809652.151059635,33756515.4248691,1.0,50,0,0.0
138,fuzzy_ablated,0.0,0.0,0.0,0.0,0.5339267898802678,1.0,0.0,65525059.453365326,32294147.60526532,1.0,50,0,0.0
139,fuzzy_ablated,0.0,0.0,0.0,0.0,0.5052608578176311,1.0,0.0,66236037.08456094,34445182.80586796,1.0,50,0,0.0
140,fuzzy_ablated,0.0,0.0,0.0,0.0,0.5112995915886583,1.0,0.0,60410782.54554228,30989987.2715831,1.0,50,0,0.0
141,fuzzy_ablated,0.0,0.0,0.0,0.0,0.536997195238804,1.0,0.0,66287288.61634675,32917785.627432406,1.0,50,0,0.0
142,fuzzy_ablated,0.0,0.0,0.0,0.0,0.5013157755451957,1.0,0.0,62067624.76299422,32444932.164811276,1.0,50,0,0.0
143,fuzzy_ablated,0.0,0.0,0.0,0.0,0.5154258309668299,1.0,0.0,65565666.062601864,35814715.40052826,1.0,50,0,0.0
144,fuzzy_ablated,0.0,0.0,0.0,0.0,0.4896154968375867,1.0,0.0,64633721.91346164,33035078.068550415,1.0,50,0,0.0
145,fuzzy_ablated,0.0,0.0,0.0,0.0,0.5219912814486163,1.0,0.0,67156385.83565795,32151912.952168707,1.0,50,0,0.0
146,fuzzy_ablated,0.0,0.0,0.0,0.0,0.538939305022191,1.0,0.0,63030969.004280865,34030087.58892082,1.0,50,0,0.0
147,fuzzy_ablated,0.0,0.0,0.0,0.0,0.518584615220097,1.0,0.0,62764745.84459352,35041454.43643958,1.0,50,0,0.0
148,fuzzy_ablated,0.0,0.0,0.0,0.0,0.509380968388703,1.0,0.0,64474364.55778538,34317841.04810625,1.0,50,0,0.0
149,fuzzy_ablated,0.0,0.0,0.0,0.0,0.5281095814669268,1.0,0.0,65997760.51969059,36241380.43862692,1.0,50,0,0.0
150,fuzzy_ablated,0.0,0.0,0.0,0.0,0.5558741997140636,1.0,0.0,68496503.36613125,39896787.72324822,1.0,50,0,0.0
151,fuzzy_ablated,0.0,0.0,0.0,0.0,0.48781705210629,1.0,0.0,68466711.77362455,38220843.77181176,1.0,50,0,0.0
152,fuzzy_ablated,0.0,0.0,0.0,0.0,0.5373074831097306,1.0,0.0,60558942.14410473,33289303.841035835,1.0,50,0,0.0
153,fuzzy_ablated,0.0,0.0,0.0,0.0,0.5240061690846736,1.0,0.0,66485647.75627288,34850578.47436282,1.0,50,0,0.0
154,fuzzy_ablated,0.0,0.0,0.0,0.0,0.4897523671051826,1.0,0.0,66133776.094907515,35778988.56163011,1.0,50,0,0.0
155,fuzzy_ablated,0.0,0.0,0.0,0.0,0.5311274407619792,1.0,0.0,61591941.49366845,34621662.37306667,1.0,50,0,0.0
156,fuzzy_ablated,0.0,0.0,0.0,0.0,0.5479918469269448,1.0,0.0,62882269.87284639,34865410.922732025,1.0,50,0,0.0
157,fuzzy_ablated,0.0,0.0,0.0,0.0,0.5461194218812842,1.0,0.0,70234451.55387694,35149444.54293886,1.0,50,0,0.0
158,fuzzy_ablated,0.0,0.0,0.0,0.0,0.5352400853976955,1.0,0.0,70049851.42086743,36266884.75703332,1.0,50,0,0.0
159,fuzzy_ablated,0.0,0.0,0.0,0.0,0.5360475252222261,1.0,0.0,70886651.05539054,35982354.26556269,1.0,50,0,0.0
160,fuzzy_ablated,0.0,0.0,0.0,0.0,0.5022675196261865,1.0,0.0,66615474.445613205,33349725.947792538,1.0,50,0,0.0
161,fuzzy_ablated,0.0,0.0,0.0,0.0,0.5373376439217367,1.0,0.0,62119221.463734455,32041292.286780085,1.0,50,0,0.0
162,fuzzy_ablated,0.0,0.0,0.0,0.0,0.5003951253110211,1.0,0.0,68041995.17572173,33817385.93626669,1.0,50,0,0.0
163,fuzzy_ablated,0.0,0.0,0.0,0.0,0.5376337934735183,1.0,0.0,64789751.19547208,31302515.98007954,1.0,50,0,0.0
164,fuzzy_ablated,0.0,0.0,0.0,0.0,0.4828890981086137,1.0,0.0,63475498.09560531,32138464.956238408,1.0,50,0,0.0
165,fuzzy_ablated,0.0,0.0,0.0,0.0,0.5268730787899287,1.0,0.0,66015438.13141631,37893749.43814822,1.0,50,0,0.0
166,fuzzy_ablated,0.0,0.0,0.0,0.0,0.5093737352533027,1.0,0.0,67487385.43971053,36202844.128530316,1.0,50,0,0.0
167,fuzzy_ablated,0.0,0.0,0.0,0.0,0.4794571159091307,1.0,0.0,66151050.46724201,35768671.516963996,1.0,50,0,0.0
168,fuzzy_ablated,0.0,0.0,0.0,0.0,0.514173759488571,1.0,0.0,63686795.20821625,32833910.66316005,1.0,50,0,0.0
169,fuzzy_ablated,0.0,0.0,0.0,0.0,0.4718905697525615,1.0,0.0,61623648.45935145,32086796.321652304,1.0,50,0,0.0
170,fuzzy_ablated,0.0,0.0,0.0,0.0,0.5367140152702509,1.0,0.0,59153702.18534224,32589786.56044652,1.0,50,0,0.0
171,fuzzy_ablated,0.0,0.0,0.0,0.0,0.4968189374417189,1.0,0.0,65656641.57343881,33549725.096347433,1.0,50,0,0.0
172,fuzzy_ablated,0.0,0.0,0.0,0.0,0.5200674240005807,1.0,0.0,61886427.87234458,33553634.868600983,1.0,50,0,0.0
173,fuzzy_ablated,0.0,0.0,0.0,0.0,0.5121649584250089,1.0,0.0,69641629.39647369,36851784.78069805,1.0,50,0,0.0
174,fuzzy_ablated,0.0,0.0,0.0,0.0,0.5159350088022278,1.0,0.0,62260520.71854807,34377832.88067139,1.0,50,0,0.0
175,fuzzy_ablated,0.0,0.0,0.0,0.0,0.5311676525341298,1.0,0.0,61080342.03602599,33720147.59683012,1.0,50,0,0.0
176,fuzzy_ablated,0.0,0.0,0.0,0.0,0.5001519914799882,1.0,0.0,66800917.090902776,34835904.95427287,1.0,50,0,0.0
177,fuzzy_ablated,0.0,0.0,0.0,0.0,0.5007746879366686,1.0,0.0,63174706.58078425,33118891.604577426,1.0,50,0,0.0
178,fuzzy_ablated,0.0,0.0,0.0,0.0,0.49296656609123324,1.0,0.0,70661471.15123972,34909707.55382299,1.0,50,0,0.0
179,fuzzy_ablated,0.0,0.0,0.0,0.0,0.510184006805164,1.0,0.0,62271324.572363816,31517904.431028455,1.0,50,0,0.0
180,fuzzy_ablated,0.0,0.0,0.0,0.0,0.5091053303006331,1.0,0.0,66926554.51214078,34005161.83239355,1.0,50,0,0.0
181,fuzzy_ablated,0.0,0.0,0.0,0.0,0.5214290365800575,1.0,0.0,68690283.26471165,39402216.459183656,1.0,50,0,0.0
182,fuzzy_ablated,0.0,0.0,0.0,0.0,0.4897519718541904,1.0,0.0,65320975.682084285,35133890.43647311,1.0,50,0,0.0
183,fuzzy_ablated,0.0,0.0,0.0,0.0,0.5138447082413176,1.0,0.0,66828147.61277604,31421162.60867973,1.0,50,0,0.0
184,fuzzy_ablated,0.0,0.0,0.0,0.0,0.519659054487902,1.0,0.0,64441978.10976872,33872874.303946644,1.0,50,0,0.0
185,fuzzy_ablated,0.0,0.0,0.0,0.0,0.5288967369015382,1.0,0.0,63196174.638790734,31555641.249961883,1.0,50,0,0.0
186,fuzzy_ablated,0.0,0.0,0.0,0.0,0.5099132530018768,1.0,0.0,64788751.60878727,34033040.947612226,1.0,50,0,0.0
187,fuzzy_ablated,0.0,0.0,0.0,0.0,0.52649266849038,1.0,0.0,60534878.77847984,32673641.59239927,1.0,50,0,0.0
188,fuzzy_ablated,0.0,0.0,0.0,0.0,0.5326322167811403,1.0,0.0,63927793.665105924,32970583.575161647,1.0,50,0,0.0
189,fuzzy_ablated,0.0,0.0,0.0,0.0,0.49391817344557815,1.0,0.0,64883742.7228277,34880784.2678485,1.0,50,0,0.0
190,fuzzy_ablated,0.0,0.0,0.0,0.0,0.5111830620768906,1.0,0.0,66495995.6480154,37090794.458673604,1.0,50,0,0.0
191,fuzzy_ablated,0.0,0.0,0.0,0.0,0.5237398683288004,1.0,0.0,65405748.78404252,33922494.579225354,1.0,50,0,0.0
192,fuzzy_ablated,0.0,0.0,0.0,0.0,0.5335303216211823,1.0,0.0,63241055.818868235,33471289.359158363,1.0,50,0,0.0
193,fuzzy_ablated,0.0,0.0,0.0,0.0,0.5354364941818265,1.0,0.0,68638275.40062916,33799357.35270621,1.0,50,0,0.0
194,fuzzy_ablated,0.0,0.0,0.0,0.0,0.529200250526247,1.0,0.0,64125751.08983056,34758219.51438679,1.0,50,0,0.0
195,fuzzy_ablated,0.0,0.0,0.0,0.0,0.5100809404545099,1.0,0.0,71272836.2720337,36692555.12194754,1.0,50,0,0.0
196,fuzzy_ablated,0.0,0.0,0.0,0.0,0.513154750904755,1.0,0.0,68988168.57360457,38069809.56698591,1.0,50,0,0.0
197,fuzzy_ablated,0.0,0.0,0.0,0.0,0.5442675685908158,1.0,0.0,66032623.72569511,36818000.34510393,1.0,50,0,0.0
198,fuzzy_ablated,0.0,0.0,0.0,0.0,0.5311480516392804,1.0,0.0,68312682.06539291,38201053.278895915,1.0,50,0,0.0
199,fuzzy_ablated,0.0,0.0,0.0,0.0,0.49460560134526604,1.0,0.0,62235382.023481295,35865671.22677828,1.0,50,0,0.0
200,fuzzy_ablated,0.0,0.0,0.0,0.0,0.5509234667347505,1.0,0.0,63412149.178236544,33988498.57831511,1.0,50,0,0.0
201,fuzzy_ablated,0.0,0.0,0.0,0.0,0.5399720831461259,1.0,0.0,63757444.57275846,34330900.97549137,1.0,50,0,0.0
202,fuzzy_ablated,0.0,0.0,0.0,0.0,0.5133230559181436,1.0,0.0,65894382.54831913,37245372.88407562,1.0,50,0,0.0
203,fuzzy_ablated,0.0,0.0,0.0,0.0,0.5218953606497595,1.0,0.0,61442589.21889076,31983838.830492854,1.0,50,0,0.0
204,fuzzy_ablated,0.0,0.0,0.0,0.0,0.5332582133800772,1.0,0.0,65666132.256248996,34567284.03742506,1.0,50,0,0.0
205,fuzzy_ablated,0.0,0.0,0.0,0.0,0.4962353473909394,1.0,0.0,71269543.53691703,35668200.304471835,1.0,50,0,0.0
206,fuzzy_ablated,0.0,0.0,0.0,0.0,0.5332367815723821,1.0,0.0,66128300.40891529,34530546.34721177,1.0,50,0,0.0
207,fuzzy_ablated,0.0,0.0,0.0,0.0,0.551836174070931,1.0,0.0,65393495.88762887,32640805.31820978,1.0,50,0,0.0
208,fuzzy_ablated,0.0,0.0,0.0,0.0,0.5229047407805613,1.0,0.0,63335414.80104385,36536804.02784157,1.0,50,0,0.0
209,fuzzy_ablated,0.0,0.0,0.0,0.0,0.5318039963228993,1.0,0.0,61856603.24572346,32669460.77865468,1.0,50,0,0.0
210,fuzzy_ablated,0.0,0.0,0.0,0.0,0.5509761721027132,1.0,0.0,62948670.31083171,33641206.316934966,1.0,50,0,0.0
211,fuzzy_ablated,0.0,0.0,0.0,0.0,0.47983989964889856,1.0,0.0,64175962.88739638,34535722.79721046,1.0,50,0,0.0
212,fuzzy_ablated,0.0,0.0,0.0,0.0,0.4975741235893835,1.0,0.0,68198925.79310808,33749047.33539366,1.0,50,0,0.0
213,fuzzy_ablated,0.0,0.0,0.0,0.0,0.5209900512344037,1.0,0.0,64607986.83069679,32114769.56111434,1.0,50,0,0.0
214,fuzzy_ablated,0.0,0.0,0.0,0.0,0.4906566559561088,1.0,0.0,62654544.18445669,34030266.153220296,1.0,50,0,0.0
215,fuzzy_ablated,0.0,0.0,0.0,0.0,0.534680464671888,1.0,0.0,67161793.45130014,31316696.556759648,1.0,50,0,0.0
216,fuzzy_ablated,0.0,0.0,0.0,0.0,0.5101364561997506,1.0,0.0,64542339.35067782,33139435.16882783,1.0,50,0,0.0
217,fuzzy_ablated,0.0,0.0,0.0,0.0,0.5276287629287456,1.0,0.0,62713837.0983119,31612297.680870064,1.0,50,0,0.0
218,fuzzy_ablated,0.0,0.0,0.0,0.0,0.5277445443976277,1.0,0.0,64467770.07669627,30676626.725820977,1.0,50,0,0.0
219,fuzzy_ablated,0.0,0.0,0.0,0.0,0.5544717983704633,1.0,0.0,61573682.17633875,32663761.237218022,1.0,50,0,0.0
220,fuzzy_ablated,0.0,0.0,0.0,0.0,0.5111559464188363,1.0,0.0,61578911.23451614,34757699.61019246,1.0,50,0,0.0
221,fuzzy_ablated,0.0,0.0,0.0,0.0,0.527465601410253,1.0,0.0,65946634.764500685,34548376.68905442,1.0,50,0,0.0
222,fuzzy_ablated,0.0,0.0,0.0,0.0,0.5089620816098013,1.0,0.0,65729644.18013572,31566301.68951456,1.0,50,0,0.0
223,fuzzy_ablated,0.0,0.0,0.0,0.0,0.5490407573422508,1.0,0.0,62460549.14898441,34603430.3179999,1.0,50,0,0.0
224,fuzzy_ablated,0.0,0.0,0.0,0.0,0.5148573501641179,1.0,0.0,66697891.21091087,36196026.11735753,1.0,50,0,0.0
225,fuzzy_ablated,0.0,0.0,0.0,0.0,0.5091278311682074,1.0,0.0,70854096.95608188,43508856.32815361,1.0,50,0,0.0
226,fuzzy_ablated,0.0,0.0,0.0,0.0,0.521251442863246,1.0,0.0,65361881.348857276,37059273.88346122,1.0,50,0,0.0
227,fuzzy_ablated,0.0,0.0,0.0,0.0,0.5427292167732,1.0,0.0,64912897.01254129,33826439.93945246,1.0,50,0,0.0
228,fuzzy_ablated,0.0,0.0,0.0,0.0,0.5121646097338598,1.0,0.0,56672999.93377955,33176079.35922585,1.0,50,0,0.0
229,fuzzy_ablated,0.0,0.0,0.0,0.0,0.5221908699793739,1.0,0.0,65462228.775909625,36625328.254021026,1.0,50,0,0.0
230,fuzzy_ablated,0.0,0.0,0.0,0.0,0.5151557902850782,1.0,0.0,63139335.4573495,31846602.529943854,1.0,50,0,0.0
231,fuzzy_ablated,0.0,0.0,0.0,0.0,0.5301114520898471,1.0,0.0,64629223.92910448,34392063.544218004,1.0,50,0,0.0
232,fuzzy_ablated,0.0,0.0,0.0,0.0,0.4875687609739557,1.0,0.0,67520685.57908134,35860928.6569342,1.0,50,0,0.0
233,fuzzy_ablated,0.0,0.0,0.0,0.0,0.508386900679535,1.0,0.0,63154319.90520951,33125354.273151632,1.0,50,0,0.0
234,fuzzy_ablated,0.0,0.0,0.0,0.0,0.5367845423769586,1.0,0.0,60261277.21696766,33548693.735010818,1.0,50,0,0.0
235,fuzzy_ablated,0.0,0.0,0.0,0.0,0.5208602206376802,1.0,0.0,59051940.839933604,32609378.226155873,1.0,50,0,0.0
236,fuzzy_ablated,0.0,0.0,0.0,0.0,0.5317385149739515,1.0,0.0,67394641.3015735,33786926.24228768,1.0,50,0,0.0
237,fuzzy_ablated,0.0,0.0,0.0,0.0,0.5087470919633339,1.0,0.0,66278936.45999211,36136572.778305314,1.0,50,0,0.0
238,fuzzy_ablated,0.0,0.0,0.0,0.0,0.5137899436528186,1.0,0.0,65494093.56646269,41486378.36696156,1.0,50,0,0.0
239,fuzzy_ablated,0.0,0.0,0.0,0.0,0.5194276579867554,1.0,0.0,64795880.42385976,35167709.211151294,1.0,50,0,0.0
240,fuzzy_ablated,0.0,0.0,0.0,0.0,0.5319100540540347,1.0,0.0,65409842.75419282,34174717.56433243,1.0,50,0,0.0
241,fuzzy_ablated,0.0,0.0,0.0,0.0,0.5555124308553318,1.0,0.0,62783122.536272466,32300529.034001656,1.0,50,0,0.0
242,fuzzy_ablated,0.0,0.0,0.0,0.0,0.48726886878813064,1.0,0.0,63650628.70989316,35786154.22777802,1.0,50,0,0.0
243,fuzzy_ablated,0.0,0.0,0.0,0.0,0.5171360549972654,1.0,0.0,66953148.43233786,34464303.69764035,1.0,50,0,0.0
244,fuzzy_ablated,0.0,0.0,0.0,0.0,0.5313031019086505,1.0,0.0,71814292.34942748,41293977.44453449,1.0,50,0,0.0
245,fuzzy_ablated,0.0,0.0,0.0,0.0,0.5410622330498547,1.0,0.0,58476387.85029271,33881012.81615054,1.0,50,0,0.0
246,fuzzy_ablated,0.0,0.0,0.0,0.0,0.5018424333006344,1.0,0.0,64644507.81838025,35083623.63082544,1.0,50,0,0.0
247,fuzzy_ablated,0.0,0.0,0.0,0.0,0.5239006815879194,1.0,0.0,63009190.985435046,32074737.453063294,1.0,50,0,0.0
248,fuzzy_ablated,0.0,0.0,0.0,0.0,0.5210898056815642,1.0,0.0,66014791.94933129,35015637.70480438,1.0,50,0,0.0
249,fuzzy_ablated,0.0,0.0,0.0,0.0,0.5605669447671137,1.0,0.0,65210534.00157077,33168913.892592955,1.0,50,0,0.0
250,fuzzy_ablated,0.0,0.0,0.0,0.0,0.49430805312105536,1.0,0.0,64957556.44440493,33645110.38129015,1.0,50,0,0.0
251,fuzzy_ablated,0.0,0.0,0.0,0.0,0.530033079067307,1.0,0.0,60444485.964861654,33093542.42357135,1.0,50,0,0.0
252,fuzzy_ablated,0.0,0.0,0.0,0.0,0.535777511946378,1.0,0.0,62847410.265471764,31659866.863291495,1.0,50,0,0.0
253,fuzzy_ablated,0.0,0.0,0.0,0.0,0.5361448201314017,1.0,0.0,68271998.61539856,36450737.199290395,1.0,50,0,0.0
254,fuzzy_ablated,0.0,0.0,0.0,0.0,0.5570452076045611,1.0,0.0,64789168.00303552,33562231.48950722,1.0,50,0,0.0
255,fuzzy_ablated,0.0,0.0,0.0,0.0,0.5330209508582633,1.0,0.0,68208306.06021617,37286665.41506764,1.0,50,0,0.0
256,fuzzy_ablated,0.0,0.0,0.0,0.0,0.4669339615588752,1.0,0.0,64397244.11931975,34272388.32993219,1.0,50,0,0.0
257,fuzzy_ablated,0.0,0.0,0.0,0.0,0.5307806084950175,1.0,0.0,62229900.621672176,33379617.30025127,1.0,50,0,0.0
258,fuzzy_ablated,0.0,0.0,0.0,0.0,0.5018447276109024,1.0,0.0,66345628.08133755,35195981.36196355,1.0,50,0,0.0
259,fuzzy_ablated,0.0,0.0,0.0,0.0,0.5206830229178457,1.0,0.0,60760648.702982455,32323095.122217827,1.0,50,0,0.0
260,fuzzy_ablated,0.0,0.0,0.0,0.0,0.5085122907156264,1.0,0.0,73978238.12322436,45313795.046925016,1.0,50,0,0.0
261,fuzzy_ablated,0.0,0.0,0.0,0.0,0.5220821547391199,1.0,0.0,61584553.32922401,33850802.037551865,1.0,50,0,0.0
262,fuzzy_ablated,0.0,0.0,0.0,0.0,0.48570282051499675,1.0,0.0,65555101.12278423,32600188.073370546,1.0,50,0,0.0
263,fuzzy_ablated,0.0,0.0,0.0,0.0,0.515319551418408,1.0,0.0,65610553.155760534,35306714.170387715,1.0,50,0,0.0
264,fuzzy_ablated,0.0,0.0,0.0,0.0,0.5281216804426383,1.0,0.0,65138524.460202806,36247951.05466173,1.0,50,0,0.0
265,fuzzy_ablated,0.0,0.0,0.0,0.0,0.5023635480554233,1.0,0.0,58934707.65044833,35554040.660615906,1.0,50,0,0.0
266,fuzzy_ablated,0.0,0.0,0.0,0.0,0.5497358960618829,1.0,0.0,67151157.99822119,42004734.72033568,1.0,50,0,0.0
267,fuzzy_ablated,0.0,0.0,0.0,0.0,0.5263447057799069,1.0,0.0,71551686.99586338,33044231.415488575,1.0,50,0,0.0
268,fuzzy_ablated,0.0,0.0,0.0,0.0,0.5015475511228757,1.0,0.0,62947626.99817967,32654926.113889646,1.0,50,0,0.0
269,fuzzy_ablated,0.0,0.0,0.0,0.0,0.5553284703426056,1.0,0.0,73910178.68205416,43546360.95680098,1.0,50,0,0.0
270,fuzzy_ablated,0.0,0.0,0.0,0.0,0.5056397352683842,1.0,0.0,66417300.014196664,33839237.90633475,1.0,50,0,0.0
271,fuzzy_ablated,0.0,0.0,0.0,0.0,0.5093374970807659,1.0,0.0,68473995.07956612,33453092.362471085,1.0,50,0,0.0
272,fuzzy_ablated,0.0,0.0,0.0,0.0,0.5594567265220369,1.0,0.0,59710703.483916156,31280072.471042752,1.0,50,0,0.0
273,fuzzy_ablated,0.0,0.0,0.0,0.0,0.5170094097579794,1.0,0.0,62261139.192797355,32284685.32712421,1.0,50,0,0.0
274,fuzzy_ablated,0.0,0.0,0.0,0.0,0.524510696913651,1.0,0.0,65857265.0566118,34045565.30142559,1.0,50,0,0.0
275,fuzzy_ablated,0.0,0.0,0.0,0.0,0.48998906104935136,1.0,0.0,67296295.43962902,32723846.07505866,1.0,50,0,0.0
276,fuzzy_ablated,0.0,0.0,0.0,0.0,0.5178576277656002,1.0,0.0,63612803.13105831,37163715.62786509,1.0,50,0,0.0
277,fuzzy_ablated,0.0,0.0,0.0,0.0,0.4962877099571726,1.0,0.0,67467463.73634718,40616510.13847157,1.0,50,0,0.0
278,fuzzy_ablated,0.0,0.0,0.0,0.0,0.524215660376855,1.0,0.0,60059587.88730284,35901128.001465075,1.0,50,0,0.0
279,fuzzy_ablated,0.0,0.0,0.0,0.0,0.5356867230198371,1.0,0.0,66425345.5192152,37425320.58917897,1.0,50,0,0.0
280,fuzzy_ablated,0.0,0.0,0.0,0.0,0.540310871720502,1.0,0.0,59148400.54419184,33558669.942834914,1.0,50,0,0.0
281,fuzzy_ablated,0.0,0.0,0.0,0.0,0.5173262582970629,1.0,0.0,65327094.67940506,34197119.0287785,1.0,50,0,0.0
282,fuzzy_ablated,0.0,0.0,0.0,0.0,0.5067220868906669,1.0,0.0,66260471.197244845,37161148.92654538,1.0,50,0,0.0
283,fuzzy_ablated,0.0,0.0,0.0,0.0,0.5347070261209622,1.0,0.0,65652174.61371445,31437509.176432297,1.0,50,0,0.0
284,fuzzy_ablated,0.0,0.0,0.0,0.0,0.5158127845064002,1.0,0.0,62103253.10935081,32001829.223908763,1.0,50,0,0.0
285,fuzzy_ablated,0.0,0.0,0.0,0.0,0.5147633736640456,1.0,0.0,67317341.82339044,34020859.61304932,1.0,50,0,0.0
286,fuzzy_ablated,0.0,0.0,0.0,0.0,0.5385895157384354,1.0,0.0,65051304.34725441,32690745.080667455,1.0,50,0,0.0
287,fuzzy_ablated,0.0,0.0,0.0,0.0,0.5340173219160927,1.0,0.0,65295805.19262923,38813555.247502476,1.0,50,0,0.0
288,fuzzy_ablated,0.0,0.0,0.0,0.0,0.5386136022770411,1.0,0.0,64948918.65563291,35972003.45226447,1.0,50,0,0.0
289,fuzzy_ablated,0.0,0.0,0.0,0.0,0.5164910457280666,1.0,0.0,59914122.193006776,30928617.594481744,1.0,50,0,0.0
290,fuzzy_ablated,0.0,0.0,0.0,0.0,0.5315116156138117,1.0,0.0,68734852.8535198,38353333.37722667,1.0,50,0,0.0
291,fuzzy_ablated,0.0,0.0,0.0,0.0,0.5062988272281204,1.0,0.0,67582518.85422811,34422393.63729361,1.0,50,0,0.0
292,fuzzy_ablated,0.0,0.0,0.0,0.0,0.5333401146354106,1.0,0.0,59725458.19370851,35510983.09338167,1.0,50,0,0.0
293,fuzzy_ablated,0.0,0.0,0.0,0.0,0.5026231982042081,1.0,0.0,60941689.46042772,32296299.113513388,1.0,50,0,0.0
294,fuzzy_ablated,0.0,0.0,0.0,0.0,0.524204289953334,1.0,0.0,63860059.34809273,36122847.27795186,1.0,50,0,0.0
295,fuzzy_ablated,0.0,0.0,0.0,0.0,0.5126520922128672,1.0,0.0,62496260.34113683,36261192.331184335,1.0,50,0,0.0
296,fuzzy_ablated,0.0,0.0,0.0,0.0,0.5464885257500169,1.0,0.0,62545968.247282095,34114114.88974004,1.0,50,0,0.0
297,fuzzy_ablated,0.0,0.0,0.0,0.0,0.5037063768904602,1.0,0.0,66075274.90904169,33926572.34645588,1.0,50,0,0.0
298,fuzzy_ablated,0.0,0.0,0.0,0.0,0.548986749352987,1.0,0.0,62472824.8503642,34369601.643397495,1.0,50,0,0.0
299,fuzzy_ablated,0.0,0.0,0.0,0.0,0.5532808630269411,1.0,0.0,61219543.361249335,32055106.088590216,1.0,50,0,0.0
300,fuzzy_ablated,0.0,0.0,0.0,0.0,0.5187785372396051,1.0,0.0,64643496.3500561,36503226.304638244,1.0,50,0,0.0
301,fuzzy_ablated,0.0,0.0,0.0,0.0,0.5087408374627652,1.0,0.0,63956698.271607034,34423066.70982784,1.0,50,0,0.0
302,fuzzy_ablated,0.0,0.0,0.0,0.0,0.5181668295823776,1.0,0.0,63531230.4705708,33560949.73707237,1.0,50,0,0.0
303,fuzzy_ablated,0.0,0.0,0.0,0.0,0.5210399680784394,1.0,0.0,59578462.00391445,30937542.257779397,1.0,50,0,0.0
304,fuzzy_ablated,0.0,0.0,0.0,0.0,0.4951559556173673,1.0,0.0,65671191.48284357,31752013.041902144,1.0,50,0,0.0
305,fuzzy_ablated,0.0,0.0,0.0,0.0,0.5139877324671267,1.0,0.0,60050469.428071834,32369895.931879647,1.0,50,0,0.0
306,fuzzy_ablated,0.0,0.0,0.0,0.0,0.49810340535858216,1.0,0.0,65684770.898200475,33484535.779148985,1.0,50,0,0.0
307,fuzzy_ablated,0.0,0.0,0.0,0.0,0.48198324693834144,1.0,0.0,66627013.830556385,35917166.36860973,1.0,50,0,0.0
308,fuzzy_ablated,0.0,0.0,0.0,0.0,0.5277769191358493,1.0,0.0,64801616.99769136,33667164.52039527,1.0,50,0,0.0
309,fuzzy_ablated,0.0,0.0,0.0,0.0,0.5121753662650265,1.0,0.0,64667356.99844574,33635865.75578891,1.0,50,0,0.0
310,fuzzy_ablated,0.0,0.0,0.0,0.0,0.5037562701156908,1.0,0.0,67106463.30835094,35909958.91110792,1.0,50,0,0.0
311,fuzzy_ablated,0.0,0.0,0.0,0.0,0.497028355739273,1.0,0.0,64254704.5505302,35534640.797001675,1.0,50,0,0.0
312,fuzzy_ablated,0.0,0.0,0.0,0.0,0.5253179567114814,1.0,0.0,64779496.06239471,33002810.785520054,1.0,50,0,0.0
313,fuzzy_ablated,0.0,0.0,0.0,0.0,0.5298991175285677,1.0,0.0,62301116.64433306,32203018.129045144,1.0,50,0,0.0
314,fuzzy_ablated,0.0,0.0,0.0,0.0,0.4867882020417607,1.0,0.0,62897012.32666047,36505856.6071049,1.0,50,0,0.0
315,fuzzy_ablated,0.0,0.0,0.0,0.0,0.5160256151230352,1.0,0.0,69910054.73779806,35634613.45067254,1.0,50,0,0.0
316,fuzzy_ablated,0.0,0.0,0.0,0.0,0.48772161797727137,1.0,0.0,60533201.35146883,38517059.50089553,1.0,50,0,0.0
317,fuzzy_ablated,0.0,0.0,0.0,0.0,0.5050233395618968,1.0,0.0,63816764.356388204,31410467.056376155,1.0,50,0,0.0
318,fuzzy_ablated,0.0,0.0,0.0,0.0,0.4976546686356232,1.0,0.0,63960824.122647315,35437231.37080821,1.0,50,0,0.0
319,fuzzy_ablated,0.0,0.0,0.0,0.0,0.5219777743538312,1.0,0.0,62863636.758392185,36238858.21510015,1.0,50,0,0.0
320,fuzzy_ablated,0.0,0.0,0.0,0.0,0.5384543817576963,1.0,0.0,70696980.43827747,38925430.3274303,1.0,50,0,0.0
321,fuzzy_ablated,0.0,0.0,0.0,0.0,0.5337508816466744,1.0,0.0,65137099.71874774,35090932.3577608,1.0,50,0,0.0
322,fuzzy_ablated,0.0,0.0,0.0,0.0,0.4830416976849065,1.0,0.0,60887461.75194065,32234820.42020526,1.0,50,0,0.0
323,fuzzy_ablated,0.0,0.0,0.0,0.0,0.5440668175183678,1.0,0.0,59612652.83132428,35771961.25693408,1.0,50,0,0.0
324,fuzzy_ablated,0.0,0.0,0.0,0.0,0.544636556478362,1.0,0.0,65772988.929730184,33462004.953755382,1.0,50,0,0.0
325,fuzzy_ablated,0.0,0.0,0.0,0.0,0.5256925128054765,1.0,0.0,66878307.37567664,32614162.868525032,1.0,50,0,0.0
326,fuzzy_ablated,0.0,0.0,0.0,0.0,0.5307774526284823,1.0,0.0,67305291.72361924,39069436.34498957,1.0,50,0,0.0
327,fuzzy_ablated,0.0,0.0,0.0,0.0,0.49770922781797816,1.0,0.0,63324756.25956825,33656845.23132898,1.0,50,0,0.0
328,fuzzy_ablated,0.0,0.0,0.0,0.0,0.498453945661452,1.0,0.0,63443310.16997583,33360116.555150256,1.0,50,0,0.0
329,fuzzy_ablated,0.0,0.0,0.0,0.0,0.5271441844531602,1.0,0.0,61985843.42645198,36586537.53046078,1.0,50,0,0.0
330,fuzzy_ablated,0.0,0.0,0.0,0.0,0.5136973538650762,1.0,0.0,64038849.1793354,33678470.84822557,1.0,50,0,0.0
331,fuzzy_ablated,0.0,0.0,0.0,0.0,0.5113922636930304,1.0,0.0,63601069.53422124,33707769.33329152,1.0,50,0,0.0
332,fuzzy_ablated,0.0,0.0,0.0,0.0,0.4834106590961176,1.0,0.0,64077681.08822626,33604696.55910708,1.0,50,0,0.0
333,fuzzy_ablated,0.0,0.0,0.0,0.0,0.5184836768891663,1.0,0.0,64818564.9264413,33820568.91264807,1.0,50,0,0.0
334,fuzzy_ablated,0.0,0.0,0.0,0.0,0.5106646482735213,1.0,0.0,63520760.07386602,32798417.319914777,1.0,50,0,0.0
335,fuzzy_ablated,0.0,0.0,0.0,0.0,0.528823538899361,1.0,0.0,70296912.7737709,32036640.287510075,1.0,50,0,0.0
336,fuzzy_ablated,0.0,0.0,0.0,0.0,0.5085047754526668,1.0,0.0,66073497.901693106,35638210.90136071,1.0,50,0,0.0
337,fuzzy_ablated,0.0,0.0,0.0,0.0,0.498790339602057,1.0,0.0,66919804.45745863,33742898.43847919,1.0,50,0,0.0
338,fuzzy_ablated,0.0,0.0,0.0,0.0,0.5169494203527429,1.0,0.0,69207061.62064047,33171075.560931593,1.0,50,0,0.0
339,fuzzy_ablated,0.0,0.0,0.0,0.0,0.5299998050138047,1.0,0.0,61449023.795096904,34318849.20582729,1.0,50,0,0.0
340,fuzzy_ablated,0.0,0.0,0.0,0.0,0.5228309708202746,1.0,0.0,68735252.82530886,40498408.69799851,1.0,50,0,0.0
341,fuzzy_ablated,0.0,0.0,0.0,0.0,0.5420619160987025,1.0,0.0,60691090.53673166,35902499.409734584,1.0,50,0,0.0
342,fuzzy_ablated,0.0,0.0,0.0,0.0,0.5254476322592374,1.0,0.0,63214728.29792912,40409398.747353405,1.0,50,0,0.0
343,fuzzy_ablated,0.0,0.0,0.0,0.0,0.5225113272504401,1.0,0.0,69567059.24553414,35085622.65355997,1.0,50,0,0.0
344,fuzzy_ablated,0.0,0.0,0.0,0.0,0.5182294750194845,1.0,0.0,65389557.62705019,31448527.395847436,1.0,50,0,0.0
345,fuzzy_ablated,0.0,0.0,0.0,0.0,0.5112590082099832,1.0,0.0,68175463.62316304,35989672.37144606,1.0,50,0,0.0
346,fuzzy_ablated,0.0,0.0,0.0,0.0,0.5186815842118274,1.0,0.0,65198193.84371491,31209136.817463752,1.0,50,0,0.0
347,fuzzy_ablated,0.0,0.0,0.0,0.0,0.49167408646068617,1.0,0.0,64178038.841439575,34626751.72712786,1.0,50,0,0.0
348,fuzzy_ablated,0.0,0.0,0.0,0.0,0.520998486031287,1.0,0.0,65400023.53178885,33564431.003414236,1.0,50,0,0.0
349,fuzzy_ablated,0.0,0.0,0.0,0.0,0.5314903301028405,1.0,0.0,61812870.691191,31852093.420099188,1.0,50,0,0.0
350,fuzzy_ablated,0.0,0.0,0.0,0.0,0.5081254489815181,1.0,0.0,64552869.365275785,33115843.864629548,1.0,50,0,0.0
351,fuzzy_ablated,0.0,0.0,0.0,0.0,0.5289605806580325,1.0,0.0,67836065.46857716,34162391.17226419,1.0,50,0,0.0
352,fuzzy_ablated,0.0,0.0,0.0,0.0,0.5085044542978203,1.0,0.0,72201364.34181622,40815222.01563394,1.0,50,0,0.0
353,fuzzy_ablated,0.0,0.0,0.0,0.0,0.5176875950850042,1.0,0.0,61136453.78906193,33090125.548656132,1.0,50,0,0.0
354,fuzzy_ablated,0.0,0.0,0.0,0.0,0.5286560452993649,1.0,0.0,63884353.89885859,36261144.022554375,1.0,50,0,0.0
355,fuzzy_ablated,0.0,0.0,0.0,0.0,0.490078212417,1.0,0.0,72231847.52743505,39567723.17057209,1.0,50,0,0.0
356,fuzzy_ablated,0.0,0.0,0.0,0.0,0.530119729528686,1.0,0.0,59694681.471187055,31644962.14629885,1.0,50,0,0.0
357,fuzzy_ablated,0.0,0.0,0.0,0.0,0.5074620152222817,1.0,0.0,61126998.42321356,33398288.09218774,1.0,50,0,0.0
358,fuzzy_ablated,0.0,0.0,0.0,0.0,0.5321294178122744,1.0,0.0,69579720.90793462,39213495.19386783,1.0,50,0,0.0
359,fuzzy_ablated,0.0,0.0,0.0,0.0,0.4807403511673091,1.0,0.0,60811698.47147312,34510416.50090226,1.0,50,0,0.0
360,fuzzy_ablated,0.0,0.0,0.0,0.0,0.5298084870329387,1.0,0.0,62150929.219247125,33522392.412865166,1.0,50,0,0.0
361,fuzzy_ablated,0.0,0.0,0.0,0.0,0.5205613186762733,1.0,0.0,55964452.53622351,32472252.56611534,1.0,50,0,0.0
362,fuzzy_ablated,0.0,0.0,0.0,0.0,0.5145752497207258,1.0,0.0,71658988.97909121,36853990.70484255,1.0,50,0,0.0
363,fuzzy_ablated,0.0,0.0,0.0,0.0,0.5316871593209715,1.0,0.0,63668576.87517378,34437672.97019697,1.0,50,0,0.0
364,fuzzy_ablated,0.0,0.0,0.0,0.0,0.5328050326952377,1.0,0.0,66683337.08114675,34668343.49685718,1.0,50,0,0.0
365,fuzzy_ablated,0.0,0.0,0.0,0.0,0.5125296455405093,1.0,0.0,58954334.73481116,32629435.53881187,1.0,50,0,0.0
366,fuzzy_ablated,0.0,0.0,0.0,0.0,0.48766410307556884,1.0,0.0,63192863.624200754,35156862.76768062,1.0,50,0,0.0
367,fuzzy_ablated,0.0,0.0,0.0,0.0,0.48330607837080813,1.0,0.0,60622642.58727514,30360948.683148164,1.0,50,0,0.0
368,fuzzy_ablated,0.0,0.0,0.0,0.0,0.5109501261145455,1.0,0.0,61106930.551479205,35276436.01619466,1.0,50,0,0.0
369,fuzzy_ablated,0.0,0.0,0.0,0.0,0.5042862518007623,1.0,0.0,66779281.20823227,31610099.64681343,1.0,50,0,0.0
370,fuzzy_ablated,0.0,0.0,0.0,0.0,0.5578779688369547,1.0,0.0,67124605.02479301,34095679.67108026,1.0,50,0,0.0
371,fuzzy_ablated,0.0,0.0,0.0,0.0,0.5316327524000435,1.0,0.0,65334498.536566146,38353233.67125636,1.0,50,0,0.0
372,fuzzy_ablated,0.0,0.0,0.0,0.0,0.533147948296458,1.0,0.0,61240736.06659818,31504694.0681541,1.0,50,0,0.0
373,fuzzy_ablated,0.0,0.0,0.0,0.0,0.5423031803058911,1.0,0.0,62405901.652021915,32437541.121020038,1.0,50,0,0.0
374,fuzzy_ablated,0.0,0.0,0.0,0.0,0.5174462038752514,1.0,0.0,63993574.08990683,35955176.41505872,1.0,50,0,0.0
375,fuzzy_ablated,0.0,0.0,0.0,0.0,0.5303404340514045,1.0,0.0,62984847.540937394,32828501.480695814,1.0,50,0,0.0
376,fuzzy_ablated,0.0,0.0,0.0,0.0,0.5029808530649101,1.0,0.0,65355681.32184306,35100236.07543124,1.0,50,0,0.0
377,fuzzy_ablated,0.0,0.0,0.0,0.0,0.5223160548517095,1.0,0.0,63800696.32113958,33982291.861798756,1.0,50,0,0.0
378,fuzzy_ablated,0.0,0.0,0.0,0.0,0.5135798153230827,1.0,0.0,63287382.22718616,34293686.097349085,1.0,50,0,0.0
379,fuzzy_ablated,0.0,0.0,0.0,0.0,0.5144094532678677,1.0,0.0,63102487.54470948,34778729.646958515,1.0,50,0,0.0
380,fuzzy_ablated,0.0,0.0,0.0,0.0,0.5095111590301739,1.0,0.0,63264947.845579855,33408985.240714982,1.0,50,0,0.0
381,fuzzy_ablated,0.0,0.0,0.0,0.0,0.4876217975458223,1.0,0.0,65241505.64923733,35119470.50699668,1.0,50,0,0.0
382,fuzzy_ablated,0.0,0.0,0.0,0.0,0.5480652798334164,1.0,0.0,65070529.36506049,33594115.93860807,1.0,50,0,0.0
383,fuzzy_ablated,0.0,0.0,0.0,0.0,0.5298123702496078,1.0,0.0,63693365.67446099,34570144.36771825,1.0,50,0,0.0
384,fuzzy_ablated,0.0,0.0,0.0,0.0,0.5165687958433732,1.0,0.0,66693994.65253407,37667808.06917881,1.0,50,0,0.0
385,fuzzy_ablated,0.0,0.0,0.0,0.0,0.5129434181414964,1.0,0.0,63365368.97135899,34557447.26438659,1.0,50,0,0.0
386,fuzzy_ablated,0.0,0.0,0.0,0.0,0.48135033237885994,1.0,0.0,66056110.23907865,33186746.4257557,1.0,50,0,0.0
387,fuzzy_ablated,0.0,0.0,0.0,0.0,0.5500899474333437,1.0,0.0,67091936.429233104,35705827.355769284,1.0,50,0,0.0
388,fuzzy_ablated,0.0,0.0,0.0,0.0,0.5272570372305139,1.0,0.0,65216821.73271305,31532466.331655048,1.0,50,0,0.0
389,fuzzy_ablated,0.0,0.0,0.0,0.0,0.4945673766171931,1.0,0.0,68198581.20506944,32757954.54684342,1.0,50,0,0.0
390,fuzzy_ablated,0.0,0.0,0.0,0.0,0.4967992776691413,1.0,0.0,65960538.41619658,34188774.10955052,1.0,50,0,0.0
391,fuzzy_ablated,0.0,0.0,0.0,0.0,0.5330280518343016,1.0,0.0,63221496.13232915,42059733.92736565,1.0,50,0,0.0
392,fuzzy_ablated,0.0,0.0,0.0,0.0,0.5482664253829529,1.0,0.0,62799428.67392148,33353541.52242225,1.0,50,0,0.0
393,fuzzy_ablated,0.0,0.0,0.0,0.0,0.507592030700348,1.0,0.0,64510176.97692902,34580482.156319246,1.0,50,0,0.0
394,fuzzy_ablated,0.0,0.0,0.0,0.0,0.543745964867401,1.0,0.0,65765850.786382295,36503467.690839596,1.0,50,0,0.0
395,fuzzy_ablated,0.0,0.0,0.0,0.0,0.5418296336181946,1.0,0.0,64854991.843359165,32853999.8542341,1.0,50,0,0.0
396,fuzzy_ablated,0.0,0.0,0.0,0.0,0.5046611003169432,1.0,0.0,61529115.947579786,34338625.7935474,1.0,50,0,0.0
397,fuzzy_ablated,0.0,0.0,0.0,0.0,0.4980600923979356,1.0,0.0,65802010.11089717,33506172.47201457,1.0,50,0,0.0
398,fuzzy_ablated,0.0,0.0,0.0,0.0,0.5429673967182872,1.0,0.0,62776075.70968523,34867577.79446955,1.0,50,0,0.0
399,fuzzy_ablated,0.0,0.0,0.0,0.0,0.5316419822905374,1.0,0.0,66991578.74652529,34389939.60901123,1.0,50,0,0.0
