slot,policy,jain,alpha_0,alpha_1,alpha_2,weighted_fairness,gini,max_min,mean_rate,cell_edge_rate,operator_imbalance,num_users,num_allocated,total_allocation
0,static,1.0,75000.0,13540.25100551105,-333.33333333333326,13540.25100551105,0.0,15.0,19873279.639616914,2009686.3962012688,0.3442666666666667,5000,5000,75000.0
1,static,1.0,75000.0,13540.25100551105,-333.33333333333326,13540.25100551105,0.0,15.0,19659484.975127056,2048854.2762548556,0.3442666666666667,5000,5000,75000.0
2,static,1.0,75000.0,13540.25100551105,-333.33333333333326,13540.25100551105,0.0,15.0,20055002.140319847,1990048.343724565,0.3442666666666667,5000,5000,75000.0
3,static,1.0,75000.0,13540.25100551105,-333.33333333333326,13540.25100551105,0.0,15.0,20307387.994122926,2038229.2680052707,0.3442666666666667,5000,5000,75000.0
4,static,1.0,75000.0,13540.25100551105,-333.33333333333326,13540.25100551105,0.0,15.0,20351084.57756159,2150451.278228569,0.3442666666666667,5000,5000,75000.0
5,static,1.0,75000.0,13540.25100551105,-333.33333333333326,13540.25100551105,0.0,15.0,19652946.98875678,2038150.7909293717,0.3442666666666667,5000,5000,75000.0
6,static,1.0,75000.0,13540.25100551105,-333.33333333333326,13540.25100551105,0.0,15.0,20024572.19307435,2102470.5761950053,0.3442666666666667,5000,5000,75000.0
7,static,1.0,75000.0,13540.25100551105,-333.33333333333326,13540.25100551105,0.0,15.0,19872498.44907168,1817779.755665124,0.3442666666666667,5000,5000,75000.0
8,static,1.0,75000.0,13540.25100551105,-333.33333333333326,13540.25100551105,0.0,15.0,19938246.37608723,2137608.089853722,0.3442666666666667,5000,5000,75000.0
9,static,1.0,75000.0,13540.25100551105,-333.33333333333326,13540.25100551105,0.0,15.0,19810858.067416165,1888263.6756322933,0.3442666666666667,5000,5000,75000.0
10,static,1.0,75000.0,13540.25100551105,-333.33333333333326,13540.25100551105,0.0,15.0,20166307.46063537,1902674.471264418,0.3442666666666667,5000,5000,75000.0
11,static,1.0,75000.0,13540.25100551105,-333.33333333333326,13540.25100551105,0.0,15.0,20085259.671938155,1982120.7394389529,0.3442666666666667,5000,5000,75000.0
12,static,1.0,75000.0,13540.25100551105,-333.33333333333326,13540.25100551105,0.0,15.0,20006472.960395448,2123035.713891285,0.3442666666666667,5000,5000,75000.0
13,static,1.0,75000.0,13540.25100551105,-333.33333333333326,13540.25100551105,0.0,15.0,20136576.27746991,2010827.1860288482,0.3442666666666667,5000,5000,75000.0
14,static,1.0,75000.0,13540.25100551105,-333.33333333333326,13540.25100551105,0.0,15.0,19943405.47866219,2084268.7473582013,0.3442666666666667,5000,5000,75000.0
15,static,1.0,75000.0,13540.25100551105,-333.33333333333326,13540.25100551105,0.0,15.0,19994552.720455185,2160740.2400582056,0.3442666666666667,5000,5000,75000.0
16,static,1.0,75000.0,13540.25100551105,-333.33333333333326,13540.25100551105,0.0,15.0,20216486.541592017,2011894.2798019298,0.3442666666666667,5000,5000,75000.0
17,static,1.0,75000.0,13540.25100551105,-333.33333333333326,13540.25100551105,0.0,15.0,19866981.2407914,1910055.8066732031,0.3442666666666667,5000,5000,75000.0
18,static,1.0,75000.0,13540.25100551105,-333.33333333333326,13540.25100551105,0.0,15.0,19778570.144400578,1921255.1635686308,0.3442666666666667,5000,5000,75000.0
19,static,1.0,75000.0,13540.25100551105,-333.33333333333326,13540.25100551105,0.0,15.0,19850626.16133483,2124536.810442065,0.3442666666666667,5000,5000,75000.0
20,static,1.0,75000.0,13540.25100551105,-333.33333333333326,13540.25100551105,0.0,15.0,19989068.266608547,1956586.8266789394,0.3442666666666667,5000,5000,75000.0
21,static,1.0,75000.0,13540.25100551105,-333.33333333333326,13540.25100551105,0.0,15.0,20032568.206870213,2037277.3636906266,0.3442666666666667,5000,5000,75000.0
22,static,1.0,75000.0,13540.25100551105,-333.33333333333326,13540.25100551105,0.0,15.0,20105374.049985796,1923726.2980650812,0.3442666666666667,5000,5000,75000.0
23,static,1.0,75000.0,13540.25100551105,-333.33333333333326,13540.25100551105,0.0,15.0,20043661.127397444,2032798.556448123,0.3442666666666667,5000,5000,75000.0
24,static,1.0,75000.0,13540.25100551105,-333.33333333333326,13540.25100551105,0.0,15.0,19516149.61223972,1856825.0203949586,0.3442666666666667,5000,5000,75000.0
25,static,1.0,75000.0,13540.25100551105,-333.33333333333326,13540.25100551105,0.0,15.0,19995291.77623337,1967615.3985067212,0.3442666666666667,5000,5000,75000.0
26,static,1.0,75000.0,13540.25100551105,-333.33333333333326,13540.25100551105,0.0,15.0,20155897.686227746,2138194.450922329,0.3442666666666667,5000,5000,75000.0
27,static,1.0,75000.0,13540.25100551105,-333.33333333333326,13540.25100551105,0.0,15.0,20204972.075262103,2365259.3423929135,0.3442666666666667,5000,5000,75000.0
28,static,1.0,75000.0,13540.25100551105,-333.33333333333326,13540.25100551105,0.0,15.0,20323527.60709071,2067647.8498884516,0.3442666666666667,5000,5000,75000.0
29,static,1.0,75000.0,13540.25100551105,-333.33333333333326,13540.25100551105,0.0,15.0,20352782.47232319,2348161.2449202086,0.3442666666666667,5000,5000,75000.0
30,static,1.0,75000.0,13540.25100551105,-333.33333333333326,13540.25100551105,0.0,15.0,19923110.482324407,1922747.451222285,0.3442666666666667,5000,5000,75000.0
31,static,1.0,75000.0,13540.25100551105,-333.33333333333326,13540.25100551105,0.0,15.0,20008914.28570412,2204458.955707751,0.3442666666666667,5000,5000,75000.0
32,static,1.0,75000.0,13540.25100551105,-333.33333333333326,13540.25100551105,0.0,15.0,20031088.54868927,1926957.3492459878,0.3442666666666667,5000,5000,75000.0
33,static,1.0,75000.0,13540.25100551105,-333.33333333333326,13540.25100551105,0.0,15.0,20127507.843741693,2130657.7944472013,0.3442666666666667,5000,5000,75000.0
34,static,1.0,75000.0,13540.25100551105,-333.33333333333326,13540.25100551105,0.0,15.0,19955858.162126143,1911949.1751772177,0.3442666666666667,5000,5000,75000.0
35,static,1.0,75000.0,13540.25100551105,-333.33333333333326,13540.25100551105,0.0,15.0,19940944.318334233,1928323.223580302,0.3442666666666667,5000,5000,75000.0
36,static,1.0,75000.0,13540.25100551105,-333.33333333333326,13540.25100551105,0.0,15.0,20167092.066853676,1961820.3547029,0.3442666666666667,5000,5000,75000.0
37,static,1.0,75000.0,13540.25100551105,-333.33333333333326,13540.25100551105,0.0,15.0,20182230.98942123,1929741.2812027608,0.3442666666666667,5000,5000,75000.0
38,static,1.0,75000.0,13540.25100551105,-333.33333333333326,13540.25100551105,0.0,15.0,20009353.139914524,2201741.2799560353,0.3442666666666667,5000,5000,75000.0
39,static,1.0,75000.0,13540.25100551105,-333.33333333333326,13540.25100551105,0.0,15.0,19998699.534523256,2138797.093055276,0.3442666666666667,5000,5000,75000.0
40,static,1.0,75000.0,13540.25100551105,-333.33333333333326,13540.25100551105,0.0,15.0,19778088.46345601,1928242.1654497222,0.3442666666666667,5000,5000,75000.0
41,static,1.0,75000.0,13540.25100551105,-333.33333333333326,13540.25100551105,0.0,15.0,19828893.30908613,2017418.0637620958,0.3442666666666667,5000,5000,75000.0
42,static,1.0,75000.0,13540.25100551105,-333.33333333333326,13540.25100551105,0.0,15.0,20002553.428686712,2043575.090806535,0.3442666666666667,5000,5000,75000.0
43,static,1.0,75000.0,13540.25100551105,-333.33333333333326,13540.25100551105,0.0,15.0,20293451.134283647,2009967.903504809,0.3442666666666667,5000,5000,75000.0
44,static,1.0,75000.0,13540.25100551105,-333.33333333333326,13540.25100551105,0.0,15.0,19977758.042278476,2146430.1556524346,0.3442666666666667,5000,5000,75000.0
45,static,1.0,75000.0,13540.25100551105,-333.33333333333326,13540.25100551105,0.0,15.0,20273445.322533082,2201077.1581577454,0.3442666666666667,5000,5000,75000.0
46,static,1.0,75000.0,13540.25100551105,-333.33333333333326,13540.25100551105,0.0,15.0,20016100.613722723,1873582.066525423,0.3442666666666667,5000,5000,75000.0
47,static,1.0,75000.0,13540.25100551105,-333.33333333333326,13540.25100551105,0.0,15.0,19861860.73818185,1797507.9760549362,0.3442666666666667,5000,5000,75000.0
48,static,1.0,75000.0,13540.25100551105,-333.33333333333326,13540.25100551105,0.0,15.0,19989555.685800962,2079552.0100681565,0.3442666666666667,5000,5000,75000.0
49,static,1.0,75000.0,13540.25100551105,-333.33333333333326,13540.25100551105,0.0,15.0,20086218.34665935,2019901.5458706738,0.3442666666666667,5000,5000,75000.0
50,static,1.0,75000.0,13540.25100551105,-333.33333333333326,13540.25100551105,0.0,15.0,19833956.353234876,2036875.4443902145,0.3442666666666667,5000,5000,75000.0
51,static,1.0,75000.0,13540.25100551105,-333.33333333333326,13540.25100551105,0.0,15.0,20141234.037015367,2251527.0716537233,0.3442666666666667,5000,5000,75000.0
52,static,1.0,75000.0,13540.25100551105,-333.33333333333326,13540.25100551105,0.0,15.0,20112920.099463634,2068091.7856193054,0.3442666666666667,5000,5000,75000.0
53,static,1.0,75000.0,13540.25100551105,-333.33333333333326,13540.25100551105,0.0,15.0,20189343.38931789,1923063.1723234795,0.3442666666666667,5000,5000,75000.0
54,static,1.0,75000.0,13540.25100551105,-333.33333333333326,13540.25100551105,0.0,15.0,20247575.42851259,2269352.0637252186,0.3442666666666667,5000,5000,75000.0
55,static,1.0,75000.0,13540.25100551105,-333.33333333333326,13540.25100551105,0.0,15.0,20182944.101612568,1994622.8845927587,0.3442666666666667,5000,5000,75000.0
56,static,1.0,75000.0,13540.25100551105,-333.33333333333326,13540.25100551105,0.0,15.0,19717854.867852803,1996758.8936467243,0.3442666666666667,5000,5000,75000.0
57,static,1.0,75000.0,13540.25100551105,-333.33333333333326,13540.25100551105,0.0,15.0,20090210.618761394,1916404.757071582,0.3442666666666667,5000,5000,75000.0
58,static,1.0,75000.0,13540.25100551105,-333.33333333333326,13540.25100551105,0.0,15.0,19823694.326342598,2013451.6223483656,0.3442666666666667,5000,5000,75000.0
59,static,1.0,75000.0,13540.25100551105,-333.33333333333326,13540.25100551105,0.0,15.0,20051743.36801305,2075514.8203298242,0.3442666666666667,5000,5000,75000.0
60,static,1.0,75000.0,13540.25100551105,-333.33333333333326,13540.25100551105,0.0,15.0,19878959.97920542,1880533.8913919106,0.3442666666666667,5000,5000,75000.0
61,static,1.0,75000.0,13540.25100551105,-333.33333333333326,13540.25100551105,0.0,15.0,20083332.107491303,2084918.4707447037,0.3442666666666667,5000,5000,75000.0
62,static,1.0,75000.0,13540.25100551105,-333.33333333333326,13540.25100551105,0.0,15.0,19757662.611295015,1877454.2589748874,0.3442666666666667,5000,5000,75000.0
63,static,1.0,75000.0,13540.25100551105,-333.33333333333326,13540.25100551105,0.0,15.0,19807909.80148176,2033412.4944611199,0.3442666666666667,5000,5000,75000.0
64,static,1.0,75000.0,13540.25100551105,-333.33333333333326,13540.25100551105,0.0,15.0,20096472.76580624,2159469.0301705347,0.3442666666666667,5000,5000,75000.0
65,static,1.0,75000.0,13540.25100551105,-333.33333333333326,13540.25100551105,0.0,15.0,20032004.70136549,2188111.5385274924,0.3442666666666667,5000,5000,75000.0
66,static,1.0,75000.0,13540.25100551105,-333.33333333333326,13540.25100551105,0.0,15.0,20074430.629922654,2008891.3424460548,0.3442666666666667,5000,5000,75000.0
67,static,1.0,75000.0,13540.25100551105,-333.33333333333326,13540.25100551105,0.0,15.0,19953819.138241787,1925944.3166371495,0.3442666666666667,5000,5000,75000.0
68,static,1.0,75000.0,13540.25100551105,-333.33333333333326,13540.25100551105,0.0,15.0,19862537.589754555,2001702.7527511285,0.3442666666666667,5000,5000,75000.0
69,static,1.0,75000.0,13540.25100551105,-333.33333333333326,13540.25100551105,0.0,15.0,19967961.22423486,1970506.9212234274,0.3442666666666667,5000,5000,75000.0
70,static,1.0,75000.0,13540.25100551105,-333.33333333333326,13540.25100551105,0.0,15.0,19979847.462043583,2053799.8972571634,0.3442666666666667,5000,5000,75000.0
71,static,1.0,75000.0,13540.25100551105,-333.33333333333326,13540.25100551105,0.0,15.0,19946961.42454858,1884018.3562739843,0.3442666666666667,5000,5000,75000.0
72,static,1.0,75000.0,13540.25100551105,-333.33333333333326,13540.25100551105,0.0,15.0,20333726.044172987,2153665.6752266875,0.3442666666666667,5000,5000,75000.0
73,static,1.0,75000.0,13540.25100551105,-333.33333333333326,13540.25100551105,0.0,15.0,19754267.34506083,2034876.2539262867,0.3442666666666667,5000,5000,75000.0
74,static,1.0,75000.0,13540.25100551105,-333.33333333333326,13540.25100551105,0.0,15.0,20012272.66339619,1932931.8627509314,0.3442666666666667,5000,5000,75000.0
75,static,1.0,75000.0,13540.25100551105,-333.33333333333326,13540.25100551105,0.0,15.0,19899164.13535156,1802955.4678058957,0.3442666666666667,5000,5000,75000.0
76,static,1.0,75000.0,13540.25100551105,-333.33333333333326,13540.25100551105,0.0,15.0,19928012.306975666,1811314.946532975,0.3442666666666667,5000,5000,75000.0
77,static,1.0,75000.0,13540.25100551105,-333.33333333333326,13540.25100551105,0.0,15.0,19899200.602458756,2147904.632816314,0.3442666666666667,5000,5000,75000.0
78,static,1.0,75000.0,13540.25100551105,-333.33333333333326,13540.25100551105,0.0,15.0,20186251.833623532,2074871.7272576275,0.3442666666666667,5000,5000,75000.0
79,static,1.0,75000.0,13540.25100551105,-333.33333333333326,13540.25100551105,0.0,15.0,19722422.50786976,1938624.3268151272,0.3442666666666667,5000,5000,75000.0
80,static,1.0,75000.0,13540.25100551105,-333.33333333333326,13540.25100551105,0.0,15.0,19931357.7504038,1751839.117840076,0.3442666666666667,5000,5000,75000.0
81,static,1.0,75000.0,13540.25100551105,-333.33333333333326,13540.25100551105,0.0,15.0,20134729.428523548,1917871.1293437781,0.3442666666666667,5000,5000,75000.0
82,static,1.0,75000.0,13540.25100551105,-333.33333333333326,13540.25100551105,0.0,15.0,20160903.460722115,1904778.0829732842,0.3442666666666667,5000,5000,75000.0
83,static,1.0,75000.0,13540.25100551105,-333.33333333333326,13540.25100551105,0.0,15.0,20119804.185964912,2067167.7345204842,0.3442666666666667,5000,5000,75000.0
84,static,1.0,75000.0,13540.25100551105,-333.33333333333326,13540.25100551105,0.0,15.0,19857449.308162637,1994399.9811525794,0.3442666666666667,5000,5000,75000.0
85,static,1.0,75000.0,13540.25100551105,-333.33333333333326,13540.25100551105,0.0,15.0,19965195.67841673,1925195.8784463962,0.3442666666666667,5000,5000,75000.0
86,static,1.0,75000.0,13540.25100551105,-333.33333333333326,13540.25100551105,0.0,15.0,19825907.59733046,2042721.190448632,0.3442666666666667,5000,5000,75000.0
87,static,1.0,75000.0,13540.25100551105,-333.33333333333326,13540.25100551105,0.0,15.0,19798291.56998574,1854068.4847965795,0.3442666666666667,5000,5000,75000.0
88,static,1.0,75000.0,13540.25100551105,-333.33333333333326,13540.25100551105,0.0,15.0,20232766.856229857,2203130.6351859933,0.3442666666666667,5000,5000,75000.0
89,static,1.0,75000.0,13540.25100551105,-333.33333333333326,13540.25100551105,0.0,15.0,19987711.010069,2065547.8669106055,0.3442666666666667,5000,5000,75000.0
90,static,1.0,75000.0,13540.25100551105,-333.33333333333326,13540.25100551105,0.0,15.0,20161501.37483982,1976054.8414644129,0.3442666666666667,5000,5000,75000.0
91,static,1.0,75000.0,13540.25100551105,-333.33333333333326,13540.25100551105,0.0,15.0,20144326.993897364,2268880.3241092316,0.3442666666666667,5000,5000,75000.0
92,static,1.0,75000.0,13540.25100551105,-333.33333333333326,13540.25100551105,0.0,15.0,19844993.85923533,1879576.5311744246,0.3442666666666667,5000,5000,75000.0
93,static,1.0,75000.0,13540.25100551105,-333.33333333333326,13540.25100551105,0.0,15.0,20223168.234657936,1904251.236836247,0.3442666666666667,5000,5000,75000.0
94,static,1.0,75000.0,13540.25100551105,-333.33333333333326,13540.25100551105,0.0,15.0,20139025.81820066,2328691.466289917,0.3442666666666667,5000,5000,75000.0
95,static,1.0,75000.0,13540.25100551105,-333.33333333333326,13540.25100551105,0.0,15.0,20171311.761266526,2159462.469019338,0.3442666666666667,5000,5000,75000.0
96,static,1.0,75000.0,13540.25100551105,-333.33333333333326,13540.25100551105,0.0,15.0,19907491.269089103,1864645.3760802667,0.3442666666666667,5000,5000,75000.0
97,static,1.0,75000.0,13540.25100551105,-333.33333333333326,13540.25100551105,0.0,15.0,19926949.71033056,2023422.8276586288,0.3442666666666667,5000,5000,75000.0
98,static,1.0,75000.0,13540.25100551105,-333.33333333333326,13540.25100551105,0.0,15.0,20164771.072258703,2100777.576724589,0.3442666666666667,5000,5000,75000.0
99,static,1.0,75000.0,13540.25100551105,-333.33333333333326,13540.25100551105,0.0,15.0,20105527.341760468,2182945.0725416667,0.3442666666666667,5000,5000,75000.0
100,static,1.0,75000.0,13540.25100551105,-333.33333333333326,13540.25100551105,0.0,15.0,19992095.823908906,1907536.4540162473,0.3442666666666667,5000,5000,75000.0
101,static,1.0,75000.0,13540.25100551105,-333.33333333333326,13540.25100551105,0.0,15.0,19796510.273861565,1953823.7395606467,0.3442666666666667,5000,5000,75000.0
102,static,1.0,75000.0,13540.25100551105,-333.33333333333326,13540.25100551105,0.0,15.0,19773777.040906172,1901463.2449418388,0.3442666666666667,5000,5000,75000.0
103,static,1.0,75000.0,13540.25100551105,-333.33333333333326,13540.25100551105,0.0,15.0,19959542.21395038,2229407.403769941,0.3442666666666667,5000,5000,75000.0
104,static,1.0,75000.0,13540.25100551105,-333.33333333333326,13540.25100551105,0.0,15.0,20037230.494069763,2087476.18403413,0.3442666666666667,5000,5000,75000.0
105,static,1.0,75000.0,13540.25100551105,-333.33333333333326,13540.25100551105,0.0,15.0,20051386.80988759,2053068.8205127157,0.3442666666666667,5000,5000,75000.0
106,static,1.0,75000.0,13540.25100551105,-333.33333333333326,13540.25100551105,0.0,15.0,20443546.941160418,2244313.1127440813,0.3442666666666667,5000,5000,75000.0
107,static,1.0,75000.0,13540.25100551105,-333.33333333333326,13540.25100551105,0.0,15.0,20126860.34711117,1904168.6898402283,0.3442666666666667,5000,5000,75000.0
108,static,1.0,75000.0,13540.25100551105,-333.33333333333326,13540.25100551105,0.0,15.0,20108650.597165782,2167001.009534041,0.3442666666666667,5000,5000,75000.0
109,static,1.0,75000.0,13540.25100551105,-333.33333333333326,13540.25100551105,0.0,15.0,20021518.19113868,1907407.2712929046,0.3442666666666667,5000,5000,75000.0
110,static,1.0,75000.0,13540.25100551105,-333.33333333333326,13540.25100551105,0.0,15.0,19873046.85868761,1899171.507302763,0.3442666666666667,5000,5000,75000.0
111,static,1.0,75000.0,13540.25100551105,-333.33333333333326,13540.25100551105,0.0,15.0,19956998.868292395,2054963.3561242842,0.3442666666666667,5000,5000,75000.0
112,static,1.0,75000.0,13540.25100551105,-333.33333333333326,13540.25100551105,0.0,15.0,20020705.587290324,2110686.9298473913,0.3442666666666667,5000,5000,75000.0
113,static,1.0,75000.0,13540.25100551105,-333.33333333333326,13540.25100551105,0.0,15.0,19867714.86960482,2008075.560079042,0.3442666666666667,5000,5000,75000.0
114,static,1.0,75000.0,13540.25100551105,-333.33333333333326,13540.25100551105,0.0,15.0,19885382.43979114,1982079.6471590584,0.3442666666666667,5000,5000,75000.0
115,static,1.0,75000.0,13540.25100551105,-333.33333333333326,13540.25100551105,0.0,15.0,20020775.951217305,1825324.019170639,0.3442666666666667,5000,5000,75000.0
116,static,1.0,75000.0,13540.25100551105,-333.33333333333326,13540.25100551105,0.0,15.0,19730410.819056533,1938371.535369428,0.3442666666666667,5000,5000,75000.0
117,static,1.0,75000.0,13540.25100551105,-333.33333333333326,13540.25100551105,0.0,15.0,19905299.772442125,1946590.7669811791,0.3442666666666667,5000,5000,75000.0
118,static,1.0,75000.0,13540.25100551105,-333.33333333333326,13540.25100551105,0.0,15.0,19958041.12724063,2061346.9791536867,0.3442666666666667,5000,5000,75000.0
119,static,1.0,75000.0,13540.25100551105,-333.33333333333326,13540.25100551105,0.0,15.0,20086082.45413543,2185418.494604458,0.3442666666666667,5000,5000,75000.0
120,static,1.0,75000.0,13540.25100551105,-333.33333333333326,13540.25100551105,0.0,15.0,19839354.028426576,2130030.6301133856,0.3442666666666667,5000,5000,75000.0
121,static,1.0,75000.0,13540.25100551105,-333.33333333333326,13540.25100551105,0.0,15.0,19818760.02937859,2196487.8161312984,0.3442666666666667,5000,5000,75000.0
122,static,1.0,75000.0,13540.25100551105,-333.33333333333326,13540.25100551105,0.0,15.0,20004422.86557165,1825925.2206878022,0.3442666666666667,5000,5000,75000.0
123,static,1.0,75000.0,13540.25100551105,-333.33333333333326,13540.25100551105,0.0,15.0,19849826.273587253,2070534.43320157,0.3442666666666667,5000,5000,75000.0
124,static,1.0,75000.0,13540.25100551105,-333.33333333333326,13540.25100551105,0.0,15.0,19957625.74652464,2228990.3449601023,0.3442666666666667,5000,5000,75000.0
125,static,1.0,75000.0,13540.25100551105,-333.33333333333326,13540.25100551105,0.0,15.0,20123043.625653557,2078231.925175886,0.3442666666666667,5000,5000,75000.0
126,static,1.0,75000.0,13540.25100551105,-333.33333333333326,13540.25100551105,0.0,15.0,20135874.52492438,1911720.1797333674,0.3442666666666667,5000,5000,75000.0
127,static,1.0,75000.0,13540.25100551105,-333.33333333333326,13540.25100551105,0.0,15.0,19800756.908938665,1898535.8144314534,0.3442666666666667,5000,5000,75000.0
128,static,1.0,75000.0,13540.25100551105,-333.33333333333326,13540.25100551105,0.0,15.0,20456058.663499545,2146826.1924904212,0.3442666666666667,5000,5000,75000.0
129,static,1.0,75000.0,13540.25100551105,-333.33333333333326,13540.25100551105,0.0,15.0,19731196.390729025,1868296.2217823155,0.3442666666666667,5000,5000,75000.0
130,static,1.0,75000.0,13540.25100551105,-333.33333333333326,13540.25100551105,0.0,15.0,20122907.94151302,2102102.144708815,0.3442666666666667,5000,5000,75000.0
131,static,1.0,75000.0,13540.25100551105,-333.33333333333326,13540.25100551105,0.0,15.0,19872813.973479994,1900024.941961665,0.3442666666666667,5000,5000,75000.0
132,static,1.0,75000.0,13540.25100551105,-333.33333333333326,13540.25100551105,0.0,15.0,19861689.7423701,1820601.6149813414,0.3442666666666667,5000,5000,75000.0
133,static,1.0,75000.0,13540.25100551105,-333.33333333333326,13540.25100551105,0.0,15.0,20169801.705763154,2002528.6794893488,0.3442666666666667,5000,5000,75000.0
134,static,1.0,75000.0,13540.25100551105,-333.33333333333326,13540.25100551105,0.0,15.0,20092098.84591534,2002275.841857589,0.3442666666666667,5000,5000,75000.0
135,static,1.0,75000.0,13540.25100551105,-333.33333333333326,13540.25100551105,0.0,15.0,20179122.472230617,2117052.71093199,0.3442666666666667,5000,5000,75000.0
136,static,1.0,75000.0,13540.25100551105,-333.33333333333326,13540.25100551105,0.0,15.0,19933521.741141144,2084611.9848041397,0.3442666666666667,5000,5000,75000.0
137,static,1.0,75000.0,13540.25100551105,-333.33333333333326,13540.25100551105,0.0,15.0,20372044.656104438,2047517.766783456,0.3442666666666667,5000,5000,75000.0
138,static,1.0,75000.0,13540.25100551105,-333.33333333333326,13540.25100551105,0.0,15.0,20206648.246566847,2210021.6314507416,0.3442666666666667,5000,5000,75000.0
139,static,1.0,75000.0,13540.25100551105,-333.33333333333326,13540.25100551105,0.0,15.0,19852151.579453878,2223727.136892123,0.3442666666666667,5000,5000,75000.0
140,static,1.0,75000.0,13540.25100551105,-333.33333333333326,13540.25100551105,0.0,15.0,20356339.11268199,2082504.9490063144,0.3442666666666667,5000,5000,75000.0
141,static,1.0,75000.0,13540.25100551105,-333.33333333333326,13540.25100551105,0.0,15.0,19955689.678294994,2069127.1320468285,0.3442666666666667,5000,5000,75000.0
142,static,1.0,75000.0,13540.25100551105,-333.33333333333326,13540.25100551105,0.0,15.0,19986774.959252235,2046625.2746798112,0.3442666666666667,5000,5000,75000.0
143,static,1.0,75000.0,13540.25100551105,-333.33333333333326,13540.25100551105,0.0,15.0,19947146.31495487,2078060.9375919197,0.3442666666666667,5000,5000,75000.0
144,static,1.0,75000.0,13540.25100551105,-333.33333333333326,13540.25100551105,0.0,15.0,20045819.857174855,2132638.516510821,0.3442666666666667,5000,5000,75000.0
145,static,1.0,75000.0,13540.25100551105,-333.33333333333326,13540.25100551105,0.0,15.0,19914337.58089983,1704609.3865273239,0.3442666666666667,5000,5000,75000.0
146,static,1.0,75000.0,13540.25100551105,-333.33333333333326,13540.25100551105,0.0,15.0,19871451.55320283,2052933.9492686137,0.3442666666666667,5000,5000,75000.0
147,static,1.0,75000.0,13540.25100551105,-333.33333333333326,13540.25100551105,0.0,15.0,19669603.81320886,1942889.420255619,0.3442666666666667,5000,5000,75000.0
148,static,1.0,75000.0,13540.25100551105,-333.33333333333326,13540.25100551105,0.0,15.0,19939778.26231983,1910480.898661622,0.3442666666666667,5000,5000,75000.0
149,static,1.0,75000.0,13540.25100551105,-333.33333333333326,13540.25100551105,0.0,15.0,20129899.242813114,2166486.840931425,0.3442666666666667,5000,5000,75000.0
150,static,1.0,75000.0,13540.25100551105,-333.33333333333326,13540.25100551105,0.0,15.0,19981746.34670081,2005845.705473711,0.3442666666666667,5000,5000,75000.0
151,static,1.0,75000.0,13540.25100551105,-333.33333333333326,13540.25100551105,0.0,15.0,20160036.967673402,2021187.435258522,0.3442666666666667,5000,5000,75000.0
152,static,1.0,75000.0,13540.25100551105,-333.33333333333326,13540.25100551105,0.0,15.0,19907184.172762025,1999465.9508883301,0.3442666666666667,5000,5000,75000.0
153,static,1.0,75000.0,13540.25100551105,-333.33333333333326,13540.25100551105,0.0,15.0,20047715.96361914,2028431.6226793758,0.3442666666666667,5000,5000,75000.0
154,static,1.0,75000.0,13540.25100551105,-333.33333333333326,13540.25100551105,0.0,15.0,19851954.40705853,1937664.4727048045,0.3442666666666667,5000,5000,75000.0
155,static,1.0,75000.0,13540.25100551105,-333.33333333333326,13540.25100551105,0.0,15.0,20194407.66374872,2269329.5908322427,0.3442666666666667,5000,5000,75000.0
156,static,1.0,75000.0,13540.25100551105,-333.33333333333326,13540.25100551105,0.0,15.0,20112195.835694093,2111468.4836987513,0.3442666666666667,5000,5000,75000.0
157,static,1.0,75000.0,13540.25100551105,-333.33333333333326,13540.25100551105,0.0,15.0,20136541.814338777,1850070.8769287167,0.3442666666666667,5000,5000,75000.0
158,static,1.0,75000.0,13540.25100551105,-333.33333333333326,13540.25100551105,0.0,15.0,19859729.505303975,2145195.8894062503,0.3442666666666667,5000,5000,75000.0
159,static,1.0,75000.0,13540.25100551105,-333.33333333333326,13540.25100551105,0.0,15.0,19879372.783098176,2100100.0375937144,0.3442666666666667,5000,5000,75000.0
160,static,1.0,75000.0,13540.25100551105,-333.33333333333326,13540.25100551105,0.0,15.0,20214368.295632802,2054979.2770959267,0.3442666666666667,5000,5000,75000.0
161,static,1.0,75000.0,13540.25100551105,-333.33333333333326,13540.25100551105,0.0,15.0,20127867.95382455,1849839.6906337058,0.3442666666666667,5000,5000,75000.0
162,static,1.0,75000.0,13540.25100551105,-333.33333333333326,13540.25100551105,0.0,15.0,20150151.058656856,1952448.1986798963,0.3442666666666667,5000,5000,75000.0
163,static,1.0,75000.0,13540.25100551105,-333.33333333333326,13540.25100551105,0.0,15.0,20057147.472832862,1911738.9615892076,0.3442666666666667,5000,5000,75000.0
164,static,1.0,75000.0,13540.25100551105,-333.33333333333326,13540.25100551105,0.0,15.0,19774085.378203552,2126516.5829134784,0.3442666666666667,5000,5000,75000.0
165,static,1.0,75000.0,13540.25100551105,-333.33333333333326,13540.25100551105,0.0,15.0,20046167.505034477,1951029.4626927238,0.3442666666666667,5000,5000,75000.0
166,static,1.0,75000.0,13540.25100551105,-333.33333333333326,13540.25100551105,0.0,15.0,20190369.36940026,2138972.4632863468,0.3442666666666667,5000,5000,75000.0
167,static,1.0,75000.0,13540.25100551105,-333.33333333333326,13540.25100551105,0.0,15.0,20227893.88334076,2184450.220138508,0.3442666666666667,5000,5000,75000.0
168,static,1.0,75000.0,13540.25100551105,-333.33333333333326,13540.25100551105,0.0,15.0,20004369.19023141,1961313.5697661915,0.3442666666666667,5000,5000,75000.0
169,static,1.0,75000.0,13540.25100551105,-333.33333333333326,13540.25100551105,0.0,15.0,20139661.93481337,2011962.5419202298,0.3442666666666667,5000,5000,75000.0
170,static,1.0,75000.0,13540.25100551105,-333.33333333333326,13540.25100551105,0.0,15.0,20258809.51542518,1996326.4326763502,0.3442666666666667,5000,5000,75000.0
171,static,1.0,75000.0,13540.25100551105,-333.33333333333326,13540.25100551105,0.0,15.0,20211322.602045946,2178632.9767095554,0.3442666666666667,5000,5000,75000.0
172,static,1.0,75000.0,13540.25100551105,-333.33333333333326,13540.25100551105,0.0,15.0,20159412.0872604,1879009.5547008398,0.3442666666666667,5000,5000,75000.0
173,static,1.0,75000.0,13540.25100551105,-333.33333333333326,13540.25100551105,0.0,15.0,19946171.456412487,1792121.4958851046,0.3442666666666667,5000,5000,75000.0
174,static,1.0,75000.0,13540.25100551105,-333.33333333333326,13540.25100551105,0.0,15.0,19864351.171821382,1990053.5513502934,0.3442666666666667,5000,5000,75000.0
175,static,1.0,75000.0,13540.25100551105,-333.33333333333326,13540.25100551105,0.0,15.0,19882826.894816816,2146723.09225332,0.3442666666666667,5000,5000,75000.0
176,static,1.0,75000.0,13540.25100551105,-333.33333333333326,13540.25100551105,0.0,15.0,20146930.502572294,2004247.856851067,0.3442666666666667,5000,5000,75000.0
177,static,1.0,75000.0,13540.25100551105,-333.33333333333326,13540.25100551105,0.0,15.0,20134177.220763087,1984817.3604566443,0.3442666666666667,5000,5000,75000.0
178,static,1.0,75000.0,13540.25100551105,-333.33333333333326,13540.25100551105,0.0,15.0,20221822.805699103,2103644.899868097,0.3442666666666667,5000,5000,75000.0
179,static,1.0,75000.0,13540.25100551105,-333.33333333333326,13540.25100551105,0.0,15.0,20034858.59116258,2046648.612687998,0.3442666666666667,5000,5000,75000.0
180,static,1.0,75000.0,13540.25100551105,-333.33333333333326,13540.25100551105,0.0,15.0,20039940.336438887,1914847.6382254136,0.3442666666666667,5000,5000,75000.0
181,static,1.0,75000.0,13540.25100551105,-333.33333333333326,13540.25100551105,0.0,15.0,20060553.869574983,2092157.744548926,0.3442666666666667,5000,5000,75000.0
182,static,1.0,75000.0,13540.25100551105,-333.33333333333326,13540.25100551105,0.0,15.0,19484175.565578785,1773991.003394325,0.3442666666666667,5000,5000,75000.0
183,static,1.0,75000.0,13540.25100551105,-333.33333333333326,13540.25100551105,0.0,15.0,20260008.141506415,2188271.1338784825,0.3442666666666667,5000,5000,75000.0
184,static,1.0,75000.0,13540.25100551105,-333.33333333333326,13540.25100551105,0.0,15.0,19958103.817582004,2045091.3211272121,0.3442666666666667,5000,5000,75000.0
185,static,1.0,75000.0,13540.25100551105,-333.33333333333326,13540.25100551105,0.0,15.0,19833255.386241242,2117129.6354516903,0.3442666666666667,5000,5000,75000.0
186,static,1.0,75000.0,13540.25100551105,-333.33333333333326,13540.25100551105,0.0,15.0,20164233.71424323,1998638.1580659098,0.3442666666666667,5000,5000,75000.0
187,static,1.0,75000.0,13540.25100551105,-333.33333333333326,13540.25100551105,0.0,15.0,19663291.650408316,1941807.1108938742,0.3442666666666667,5000,5000,75000.0
188,static,1.0,75000.0,13540.25100551105,-333.33333333333326,13540.25100551105,0.0,15.0,20044887.765336476,2153793.40132959,0.3442666666666667,5000,5000,75000.0
189,static,1.0,75000.0,13540.25100551105,-333.33333333333326,13540.25100551105,0.0,15.0,19614786.75959536,1977251.5848592701,0.3442666666666667,5000,5000,75000.0
190,static,1.0,75000.0,13540.25100551105,-333.33333333333326,13540.25100551105,0.0,15.0,20015445.212118085,2018876.6248775057,0.3442666666666667,5000,5000,75000.0
191,static,1.0,75000.0,13540.25100551105,-333.33333333333326,13540.25100551105,0.0,15.0,20086247.411323976,2018641.550563402,0.3442666666666667,5000,5000,75000.0
192,static,1.0,75000.0,13540.25100551105,-333.33333333333326,13540.25100551105,0.0,15.0,20061932.152506,2266075.6580676804,0.3442666666666667,5000,5000,75000.0
193,static,1.0,75000.0,13540.25100551105,-333.33333333333326,13540.25100551105,0.0,15.0,20013095.247579567,1802541.1546129233,0.3442666666666667,5000,5000,75000.0
194,static,1.0,75000.0,13540.25100551105,-333.33333333333326,13540.25100551105,0.0,15.0,19897263.942113128,1965845.1425445543,0.3442666666666667,5000,5000,75000.0
195,static,1.0,75000.0,13540.25100551105,-333.33333333333326,13540.25100551105,0.0,15.0,20107415.475234192,2031185.8824939271,0.3442666666666667,5000,5000,75000.0
196,static,1.0,75000.0,13540.25100551105,-333.33333333333326,13540.25100551105,0.0,15.0,19894085.812514167,2092434.6591753734,0.3442666666666667,5000,5000,75000.0
197,static,1.0,75000.0,13540.25100551105,-333.33333333333326,13540.25100551105,0.0,15.0,20306969.274991952,2214665.4533652356,0.3442666666666667,5000,5000,75000.0
198,static,1.0,75000.0,13540.25100551105,-333.33333333333326,13540.25100551105,0.0,15.0,20042536.226710584,2155116.1330380957,0.3442666666666667,5000,5000,75000.0
199,static,1.0,75000.0,13540.25100551105,-333.33333333333326,13540.25100551105,0.0,15.0,20257378.33551551,2179190.7090199664,0.3442666666666667,5000,5000,75000.0
200,static,1.0,75000.0,13540.25100551105,-333.33333333333326,13540.25100551105,0.0,15.0,19908439.726167724,2013069.0063175773,0.3442666666666667,5000,5000,75000.0
201,static,1.0,75000.0,13540.25100551105,-333.33333333333326,13540.25100551105,0.0,15.0,20125773.521961186,1981624.9076464437,0.3442666666666667,5000,5000,75000.0
202,static,1.0,75000.0,13540.25100551105,-333.33333333333326,13540.25100551105,0.0,15.0,20093318.99058722,1898230.6036194004,0.3442666666666667,5000,5000,75000.0
203,static,1.0,75000.0,13540.25100551105,-333.33333333333326,13540.25100551105,0.0,15.0,20018726.945258986,2023852.0216482976,0.3442666666666667,5000,5000,75000.0
204,static,1.0,75000.0,13540.25100551105,-333.33333333333326,13540.25100551105,0.0,15.0,19909198.25573352,1855466.0353879512,0.3442666666666667,5000,5000,75000.0
205,static,1.0,75000.0,13540.25100551105,-333.33333333333326,13540.25100551105,0.0,15.0,19861677.517528273,1901084.8367400486,0.3442666666666667,5000,5000,75000.0
206,static,1.0,75000.0,13540.25100551105,-333.33333333333326,13540.25100551105,0.0,15.0,19735910.562005088,1786469.5775223966,0.3442666666666667,5000,5000,75000.0
207,static,1.0,75000.0,13540.25100551105,-333.33333333333326,13540.25100551105,0.0,15.0,19955165.628275935,1933490.8901191943,0.3442666666666667,5000,5000,75000.0
208,static,1.0,75000.0,13540.25100551105,-333.33333333333326,13540.25100551105,0.0,15.0,20037111.702925254,1928220.0632352908,0.3442666666666667,5000,5000,75000.0
209,static,1.0,75000.0,13540.25100551105,-333.33333333333326,13540.25100551105,0.0,15.0,19898179.362792138,2096373.4133390242,0.3442666666666667,5000,5000,75000.0
210,static,1.0,75000.0,13540.25100551105,-333.33333333333326,13540.25100551105,0.0,15.0,20120193.314965367,2093981.8083705085,0.3442666666666667,5000,5000,75000.0
211,static,1.0,75000.0,13540.25100551105,-333.33333333333326,13540.25100551105,0.0,15.0,19981578.329689752,2055439.7430729193,0.3442666666666667,5000,5000,75000.0
212,static,1.0,75000.0,13540.25100551105,-333.33333333333326,13540.25100551105,0.0,15.0,20056753.849911273,1963712.0223220044,0.3442666666666667,5000,5000,75000.0
213,static,1.0,75000.0,13540.25100551105,-333.33333333333326,13540.25100551105,0.0,15.0,20024579.495056488,1961729.8701546807,0.3442666666666667,5000,5000,75000.0
214,static,1.0,75000.0,13540.25100551105,-333.33333333333326,13540.25100551105,0.0,15.0,20110784.712605976,2097912.6991854883,0.3442666666666667,5000,5000,75000.0
215,static,1.0,75000.0,13540.25100551105,-333.33333333333326,13540.25100551105,0.0,15.0,19948271.621130493,2158554.1650952282,0.3442666666666667,5000,5000,75000.0
216,static,1.0,75000.0,13540.25100551105,-333.33333333333326,13540.25100551105,0.0,15.0,19889890.817356728,1924394.1198067465,0.3442666666666667,5000,5000,75000.0
217,static,1.0,75000.0,13540.25100551105,-333.33333333333326,13540.25100551105,0.0,15.0,19968617.48618458,2027803.2766828137,0.3442666666666667,5000,5000,75000.0
218,static,1.0,75000.0,13540.25100551105,-333.33333333333326,13540.25100551105,0.0,15.0,19978186.338482287,1906248.31096455,0.3442666666666667,5000,5000,75000.0
219,static,1.0,75000.0,13540.25100551105,-333.33333333333326,13540.25100551105,0.0,15.0,19824138.334846303,2000251.3536711417,0.3442666666666667,5000,5000,75000.0
220,static,1.0,75000.0,13540.25100551105,-333.33333333333326,13540.25100551105,0.0,15.0,20163365.69176208,1969065.7259841992,0.3442666666666667,5000,5000,75000.0
221,static,1.0,75000.0,13540.25100551105,-333.33333333333326,13540.25100551105,0.0,15.0,19963466.808339607,2077441.4676550275,0.3442666666666667,5000,5000,75000.0
222,static,1.0,75000.0,13540.25100551105,-333.33333333333326,13540.25100551105,0.0,15.0,19894700.992911946,2168542.1651707394,0.3442666666666667,5000,5000,75000.0
223,static,1.0,75000.0,13540.25100551105,-333.33333333333326,13540.25100551105,0.0,15.0,20067425.9849195,2049216.5272580758,0.3442666666666667,5000,5000,75000.0
224,static,1.0,75000.0,13540.25100551105,-333.33333333333326,13540.25100551105,0.0,15.0,19811460.56514872,1967524.0226049249,0.3442666666666667,5000,5000,75000.0
225,static,1.0,75000.0,13540.25100551105,-333.33333333333326,13540.25100551105,0.0,15.0,20115260.30735832,2124512.4837209317,0.3442666666666667,5000,5000,75000.0
226,static,1.0,75000.0,13540.25100551105,-333.33333333333326,13540.25100551105,0.0,15.0,19927495.875702966,1875397.1856575743,0.3442666666666667,5000,5000,75000.0
227,static,1.0,75000.0,13540.25100551105,-333.33333333333326,13540.25100551105,0.0,15.0,19974119.41474812,2114222.0412622946,0.3442666666666667,5000,5000,75000.0
228,static,1.0,75000.0,13540.25100551105,-333.33333333333326,13540.25100551105,0.0,15.0,20072213.395000137,2107295.510758902,0.3442666666666667,5000,5000,75000.0
229,static,1.0,75000.0,13540.25100551105,-333.33333333333326,13540.25100551105,0.0,15.0,19837303.127233263,2052734.8045287367,0.3442666666666667,5000,5000,75000.0
230,static,1.0,75000.0,13540.25100551105,-333.33333333333326,13540.25100551105,0.0,15.0,20196248.005342748,2017451.7620707848,0.3442666666666667,5000,5000,75000.0
231,static,1.0,75000.0,13540.25100551105,-333.33333333333326,13540.25100551105,0.0,15.0,19925550.701168828,2098810.8991719903,0.3442666666666667,5000,5000,75000.0
232,static,1.0,75000.0,13540.25100551105,-333.33333333333326,13540.25100551105,0.0,15.0,20057872.43697212,2174372.700472111,0.3442666666666667,5000,5000,75000.0
233,static,1.0,75000.0,13540.25100551105,-333.33333333333326,13540.25100551105,0.0,15.0,19846174.705004785,2126270.65171366,0.3442666666666667,5000,5000,75000.0
234,static,1.0,75000.0,13540.25100551105,-333.33333333333326,13540.25100551105,0.0,15.0,19950389.15026344,2043233.6581654302,0.3442666666666667,5000,5000,75000.0
235,static,1.0,75000.0,13540.25100551105,-333.33333333333326,13540.25100551105,0.0,15.0,19851964.16858301,2162659.81856247,0.3442666666666667,5000,5000,75000.0
236,static,1.0,75000.0,13540.25100551105,-333.33333333333326,13540.25100551105,0.0,15.0,20293521.867740385,2119485.6014854987,0.3442666666666667,5000,5000,75000.0
237,static,1.0,75000.0,13540.25100551105,-333.33333333333326,13540.25100551105,0.0,15.0,19696751.499252833,1863337.3015849732,0.3442666666666667,5000,5000,75000.0
238,static,1.0,75000.0,13540.25100551105,-333.33333333333326,13540.25100551105,0.0,15.0,19810917.11537394,2212207.7543801195,0.3442666666666667,5000,5000,75000.0
239,static,1.0,75000.0,13540.25100551105,-333.33333333333326,13540.25100551105,0.0,15.0,19848214.02282969,2028252.7014245065,0.3442666666666667,5000,5000,75000.0
240,static,1.0,75000.0,13540.25100551105,-333.33333333333326,13540.25100551105,0.0,15.0,19851727.17189087,1951616.6897591152,0.3442666666666667,5000,5000,75000.0
241,static,1.0,75000.0,13540.25100551105,-333.33333333333326,13540.25100551105,0.0,15.0,20073469.319342792,1927753.496705468,0.3442666666666667,5000,5000,75000.0
242,static,1.0,75000.0,13540.25100551105,-333.33333333333326,13540.25100551105,0.0,15.0,20016927.598151628,2174291.0317711425,0.3442666666666667,5000,5000,75000.0
243,static,1.0,75000.0,13540.25100551105,-333.33333333333326,13540.25100551105,0.0,15.0,19762384.750279717,1915764.7975841693,0.3442666666666667,5000,5000,75000.0
244,static,1.0,75000.0,13540.25100551105,-333.33333333333326,13540.25100551105,0.0,15.0,19908273.48669889,1948433.756783472,0.3442666666666667,5000,5000,75000.0
245,static,1.0,75000.0,13540.25100551105,-333.33333333333326,13540.25100551105,0.0,15.0,20125674.028634645,1946235.3530128316,0.3442666666666667,5000,5000,75000.0
246,static,1.0,75000.0,13540.25100551105,-333.33333333333326,13540.25100551105,0.0,15.0,19976162.308452215,2094848.9877322465,0.3442666666666667,5000,5000,75000.0
247,static,1.0,75000.0,13540.25100551105,-333.33333333333326,13540.25100551105,0.0,15.0,20043808.95809647,1989742.3464963904,0.3442666666666667,5000,5000,75000.0
248,static,1.0,75000.0,13540.25100551105,-333.33333333333326,13540.25100551105,0.0,15.0,19955922.877274275,2096757.6938394443,0.3442666666666667,5000,5000,75000.0
249,static,1.0,75000.0,13540.25100551105,-333.33333333333326,13540.25100551105,0.0,15.0,20193814.872938335,2037208.7749411426,0.3442666666666667,5000,5000,75000.0
250,static,1.0,75000.0,13540.25100551105,-333.33333333333326,13540.25100551105,0.0,15.0,20004744.37212743,1875555.9116479822,0.3442666666666667,5000,5000,75000.0
251,static,1.0,75000.0,13540.25100551105,-333.33333333333326,13540.25100551105,0.0,15.0,20007405.262345605,1993479.6680634425,0.3442666666666667,5000,5000,75000.0
252,static,1.0,75000.0,13540.25100551105,-333.33333333333326,13540.25100551105,0.0,15.0,19922298.30726942,1749273.7565484538,0.3442666666666667,5000,5000,75000.0
253,static,1.0,75000.0,13540.25100551105,-333.33333333333326,13540.25100551105,0.0,15.0,19830079.43896224,1941653.2793983563,0.3442666666666667,5000,5000,75000.0
254,static,1.0,75000.0,13540.25100551105,-333.33333333333326,13540.25100551105,0.0,15.0,19848580.718338326,1869419.553605306,0.3442666666666667,5000,5000,75000.0
255,static,1.0,75000.0,13540.25100551105,-333.33333333333326,13540.25100551105,0.0,15.0,20259542.404263653,1954958.909319921,0.3442666666666667,5000,5000,75000.0
256,static,1.0,75000.0,13540.25100551105,-333.33333333333326,13540.25100551105,0.0,15.0,19952725.8454366,1997109.8490693683,0.3442666666666667,5000,5000,75000.0
257,static,1.0,75000.0,13540.25100551105,-333.33333333333326,13540.25100551105,0.0,15.0,20052060.226592775,2153214.3202144606,0.3442666666666667,5000,5000,75000.0
258,static,1.0,75000.0,13540.25100551105,-333.33333333333326,13540.25100551105,0.0,15.0,19871328.926158577,2085577.7753717173,0.3442666666666667,5000,5000,75000.0
259,static,1.0,75000.0,13540.25100551105,-333.33333333333326,13540.25100551105,0.0,15.0,20112990.76256396,2065829.5427965967,0.3442666666666667,5000,5000,75000.0
260,static,1.0,75000.0,13540.25100551105,-333.33333333333326,13540.25100551105,0.0,15.0,19953356.40715967,1970819.766207336,0.3442666666666667,5000,5000,75000.0
261,static,1.0,75000.0,13540.25100551105,-333.33333333333326,13540.25100551105,0.0,15.0,19850585.80113376,1849660.952624504,0.3442666666666667,5000,5000,75000.0
262,static,1.0,75000.0,13540.25100551105,-333.33333333333326,13540.25100551105,0.0,15.0,19716385.15989294,1999384.729676172,0.3442666666666667,5000,5000,75000.0
263,static,1.0,75000.0,13540.25100551105,-333.33333333333326,13540.25100551105,0.0,15.0,20154821.727889623,2102988.1373370253,0.3442666666666667,5000,5000,75000.0
264,static,1.0,75000.0,13540.25100551105,-333.33333333333326,13540.25100551105,0.0,15.0,19963293.341044795,1975698.0723835726,0.3442666666666667,5000,5000,75000.0
265,static,1.0,75000.0,13540.25100551105,-333.33333333333326,13540.25100551105,0.0,15.0,19988436.44202699,1973378.5756338772,0.3442666666666667,5000,5000,75000.0
266,static,1.0,75000.0,13540.25100551105,-333.33333333333326,13540.25100551105,0.0,15.0,19987640.5580441,2071008.1327270886,0.3442666666666667,5000,5000,75000.0
267,static,1.0,75000.0,13540.25100551105,-333.33333333333326,13540.25100551105,0.0,15.0,20092180.346117675,2031027.871974604,0.3442666666666667,5000,5000,75000.0
268,static,1.0,75000.0,13540.25100551105,-333.33333333333326,13540.25100551105,0.0,15.0,19920100.541259836,2427368.7280485188,0.3442666666666667,5000,5000,75000.0
269,static,1.0,75000.0,13540.25100551105,-333.33333333333326,13540.25100551105,0.0,15.0,20071084.760139186,1958329.560598941,0.3442666666666667,5000,5000,75000.0
270,static,1.0,75000.0,13540.25100551105,-333.33333333333326,13540.25100551105,0.0,15.0,20350557.526699495,2055308.4216807494,0.3442666666666667,5000,5000,75000.0
271,static,1.0,75000.0,13540.25100551105,-333.33333333333326,13540.25100551105,0.0,15.0,20004978.723036118,2067283.9518131313,0.3442666666666667,5000,5000,75000.0
272,static,1.0,75000.0,13540.25100551105,-333.33333333333326,13540.25100551105,0.0,15.0,20105818.411563672,2128014.824401286,0.3442666666666667,5000,5000,75000.0
273,static,1.0,75000.0,13540.25100551105,-333.33333333333326,13540.25100551105,0.0,15.0,19927220.393393718,1909201.3308345554,0.3442666666666667,5000,5000,75000.0
274,static,1.0,75000.0,13540.25100551105,-333.33333333333326,13540.25100551105,0.0,15.0,20074242.842392683,2031127.0792770314,0.3442666666666667,5000,5000,75000.0
275,static,1.0,75000.0,13540.25100551105,-333.33333333333326,13540.25100551105,0.0,15.0,19773453.990486473,1719680.0219067824,0.3442666666666667,5000,5000,75000.0
276,static,1.0,75000.0,13540.25100551105,-333.33333333333326,13540.25100551105,0.0,15.0,20091643.11121023,1846657.3768112853,0.3442666666666667,5000,5000,75000.0
277,static,1.0,75000.0,13540.25100551105,-333.33333333333326,13540.25100551105,0.0,15.0,19913483.993768256,2034664.9619576477,0.3442666666666667,5000,5000,75000.0
278,static,1.0,75000.0,13540.25100551105,-333.33333333333326,13540.25100551105,0.0,15.0,19731308.408109304,1837336.5884400501,0.3442666666666667,5000,5000,75000.0
279,static,1.0,75000.0,13540.25100551105,-333.33333333333326,13540.25100551105,0.0,15.0,19891184.005020704,2127339.3728322843,0.3442666666666667,5000,5000,75000.0
280,static,1.0,75000.0,13540.25100551105,-333.33333333333326,13540.25100551105,0.0,15.0,19989498.53778288,1947198.656388008,0.3442666666666667,5000,5000,75000.0
281,static,1.0,75000.0,13540.25100551105,-333.33333333333326,13540.25100551105,0.0,15.0,20042839.39053615,2001371.5730897158,0.3442666666666667,5000,5000,75000.0
282,static,1.0,75000.0,13540.25100551105,-333.33333333333326,13540.25100551105,0.0,15.0,20076775.578137066,1869008.5226159624,0.3442666666666667,5000,5000,75000.0
283,static,1.0,75000.0,13540.25100551105,-333.33333333333326,13540.25100551105,0.0,15.0,19908888.38291687,1877421.4891595657,0.3442666666666667,5000,5000,75000.0
284,static,1.0,75000.0,13540.25100551105,-333.33333333333326,13540.25100551105,0.0,15.0,19840559.429867957,1984048.5268023976,0.3442666666666667,5000,5000,75000.0
285,static,1.0,75000.0,13540.25100551105,-333.33333333333326,13540.25100551105,0.0,15.0,19935815.32356551,1983443.3410734,0.3442666666666667,5000,5000,75000.0
286,static,1.0,75000.0,13540.25100551105,-333.33333333333326,13540.25100551105,0.0,15.0,19913797.64038888,1833813.3535398147,0.3442666666666667,5000,5000,75000.0
287,static,1.0,75000.0,13540.25100551105,-333.33333333333326,13540.25100551105,0.0,15.0,19781074.096578304,1951835.3762878159,0.3442666666666667,5000,5000,75000.0
288,static,1.0,75000.0,13540.25100551105,-333.33333333333326,13540.25100551105,0.0,15.0,19952168.641684886,2204410.918463585,0.3442666666666667,5000,5000,75000.0
289,static,1.0,75000.0,13540.25100551105,-333.33333333333326,13540.25100551105,0.0,15.0,19980313.430495735,2042698.6759097925,0.3442666666666667,5000,5000,75000.0
290,static,1.0,75000.0,13540.25100551105,-333.33333333333326,13540.25100551105,0.0,15.0,19933475.817578435,1955398.841870862,0.3442666666666667,5000,5000,75000.0
291,static,1.0,75000.0,13540.25100551105,-333.33333333333326,13540.25100551105,0.0,15.0,20037359.873114668,1900949.7437962235,0.3442666666666667,5000,5000,75000.0
292,static,1.0,75000.0,13540.25100551105,-333.33333333333326,13540.25100551105,0.0,15.0,19661111.60595885,1990671.5913540737,0.3442666666666667,5000,5000,75000.0
293,static,1.0,75000.0,13540.25100551105,-333.33333333333326,13540.25100551105,0.0,15.0,19953679.861197315,2027874.980191561,0.3442666666666667,5000,5000,75000.0
294,static,1.0,75000.0,13540.25100551105,-333.33333333333326,13540.25100551105,0.0,15.0,20127067.31414639,2100130.1458724486,0.3442666666666667,5000,5000,75000.0
295,static,1.0,75000.0,13540.25100551105,-333.33333333333326,13540.25100551105,0.0,15.0,19941334.773412395,1975926.4691211432,0.3442666666666667,5000,5000,75000.0
296,static,1.0,75000.0,13540.25100551105,-333.33333333333326,13540.25100551105,0.0,15.0,19811036.92635668,1963210.8957516835,0.3442666666666667,5000,5000,75000.0
297,static,1.0,75000.0,13540.25100551105,-333.33333333333326,13540.25100551105,0.0,15.0,20072094.01752407,1934773.4081528517,0.3442666666666667,5000,5000,75000.0
298,static,1.0,75000.0,13540.25100551105,-333.33333333333326,13540.25100551105,0.0,15.0,19943168.32900714,1936917.5928316065,0.3442666666666667,5000,5000,75000.0
299,static,1.0,75000.0,13540.25100551105,-333.33333333333326,13540.25100551105,0.0,15.0,19850546.67092866,1913664.0745972702,0.3442666666666667,5000,5000,75000.0
300,static,1.0,75000.0,13540.25100551105,-333.33333333333326,13540.25100551105,0.0,15.0,19922257.826057665,2102730.638978445,0.3442666666666667,5000,5000,75000.0
301,static,1.0,75000.0,13540.25100551105,-333.33333333333326,13540.25100551105,0.0,15.0,20189407.45864523,2111471.925579926,0.3442666666666667,5000,5000,75000.0
302,static,1.0,75000.0,13540.25100551105,-333.33333333333326,13540.25100551105,0.0,15.0,20028489.460556325,2129628.4456200735,0.3442666666666667,5000,5000,75000.0
303,static,1.0,75000.0,13540.25100551105,-333.33333333333326,13540.25100551105,0.0,15.0,19830454.69617691,2005174.5020990523,0.3442666666666667,5000,5000,75000.0
304,static,1.0,75000.0,13540.25100551105,-333.33333333333326,13540.25100551105,0.0,15.0,20101499.12582905,1962290.1489603503,0.3442666666666667,5000,5000,75000.0
305,static,1.0,75000.0,13540.25100551105,-333.33333333333326,13540.25100551105,0.0,15.0,20226509.08070564,2055343.0355814234,0.3442666666666667,5000,5000,75000.0
306,static,1.0,75000.0,13540.25100551105,-333.33333333333326,13540.25100551105,0.0,15.0,20341836.620769948,1733307.1711962498,0.3442666666666667,5000,5000,75000.0
307,static,1.0,75000.0,13540.25100551105,-333.33333333333326,13540.25100551105,0.0,15.0,20034199.902524598,1924024.8631725577,0.3442666666666667,5000,5000,75000.0
308,static,1.0,75000.0,13540.25100551105,-333.33333333333326,13540.25100551105,0.0,15.0,20116342.397543777,1984748.8531076293,0.3442666666666667,5000,5000,75000.0
309,static,1.0,75000.0,13540.25100551105,-333.33333333333326,13540.25100551105,0.0,15.0,19853465.017008588,2015230.5746790492,0.3442666666666667,5000,5000,75000.0
310,static,1.0,75000.0,13540.25100551105,-333.33333333333326,13540.25100551105,0.0,15.0,19904476.84324179,2004568.2354602253,0.3442666666666667,5000,5000,75000.0
311,static,1.0,75000.0,13540.25100551105,-333.33333333333326,13540.25100551105,0.0,15.0,20131326.788444184,2059909.9126903224,0.3442666666666667,5000,5000,75000.0
312,static,1.0,75000.0,13540.25100551105,-333.33333333333326,13540.25100551105,0.0,15.0,19926799.564225566,2053216.6253151428,0.3442666666666667,5000,5000,75000.0
313,static,1.0,75000.0,13540.25100551105,-333.33333333333326,13540.25100551105,0.0,15.0,19892063.453569822,2116163.4977329476,0.3442666666666667,5000,5000,75000.0
314,static,1.0,75000.0,13540.25100551105,-333.33333333333326,13540.25100551105,0.0,15.0,19930147.387261473,2092296.7278313017,0.3442666666666667,5000,5000,75000.0
315,static,1.0,75000.0,13540.25100551105,-333.33333333333326,13540.25100551105,0.0,15.0,20092633.397904936,1849111.6012986668,0.3442666666666667,5000,5000,75000.0
316,static,1.0,75000.0,13540.25100551105,-333.33333333333326,13540.25100551105,0.0,15.0,19843913.415399447,1816703.4311636393,0.3442666666666667,5000,5000,75000.0
317,static,1.0,75000.0,13540.25100551105,-333.33333333333326,13540.25100551105,0.0,15.0,19968081.930744078,2007097.3181880976,0.3442666666666667,5000,5000,75000.0
318,static,1.0,75000.0,13540.25100551105,-333.33333333333326,13540.25100551105,0.0,15.0,19923924.768764604,2197626.9512713114,0.3442666666666667,5000,5000,75000.0
319,static,1.0,75000.0,13540.25100551105,-333.33333333333326,13540.25100551105,0.0,15.0,19857326.553300098,1846573.9533940013,0.3442666666666667,5000,5000,75000.0
320,static,1.0,75000.0,13540.25100551105,-333.33333333333326,13540.25100551105,0.0,15.0,19823357.43986946,1873104.7354680754,0.3442666666666667,5000,5000,75000.0
321,static,1.0,75000.0,13540.25100551105,-333.33333333333326,13540.25100551105,0.0,15.0,20316109.17492974,1994185.493201509,0.3442666666666667,5000,5000,75000.0
322,static,1.0,75000.0,13540.25100551105,-333.33333333333326,13540.25100551105,0.0,15.0,19845344.28578048,2124649.7248381735,0.3442666666666667,5000,5000,75000.0
323,static,1.0,75000.0,13540.25100551105,-333.33333333333326,13540.25100551105,0.0,15.0,20213962.699204657,2146855.904749331,0.3442666666666667,5000,5000,75000.0
324,static,1.0,75000.0,13540.25100551105,-333.33333333333326,13540.25100551105,0.0,15.0,19798341.262656536,1978753.1676547036,0.3442666666666667,5000,5000,75000.0
325,static,1.0,75000.0,13540.25100551105,-333.33333333333326,13540.25100551105,0.0,15.0,20004139.388906747,2019763.9566740182,0.3442666666666667,5000,5000,75000.0
326,static,1.0,75000.0,13540.25100551105,-333.33333333333326,13540.25100551105,0.0,15.0,20135836.96958843,1900393.1934829343,0.3442666666666667,5000,5000,75000.0
327,static,1.0,75000.0,13540.25100551105,-333.33333333333326,13540.25100551105,0.0,15.0,19863008.163487177,1836448.535474553,0.3442666666666667,5000,5000,75000.0
328,static,1.0,75000.0,13540.25100551105,-333.33333333333326,13540.25100551105,0.0,15.0,19797277.359862167,1967652.9850506296,0.3442666666666667,5000,5000,75000.0
329,static,1.0,75000.0,13540.25100551105,-333.33333333333326,13540.25100551105,0.0,15.0,20134312.84491172,1868572.0301211944,0.3442666666666667,5000,5000,75000.0
330,static,1.0,75000.0,13540.25100551105,-333.33333333333326,13540.25100551105,0.0,15.0,19881146.28297321,1982130.5056396017,0.3442666666666667,5000,5000,75000.0
331,static,1.0,75000.0,13540.25100551105,-333.33333333333326,13540.25100551105,0.0,15.0,19768255.91271401,1973963.7276717995,0.3442666666666667,5000,5000,75000.0
332,static,1.0,75000.0,13540.25100551105,-333.33333333333326,13540.25100551105,0.0,15.0,19959397.074630324,2087869.6239264694,0.3442666666666667,5000,5000,75000.0
333,static,1.0,75000.0,13540.25100551105,-333.33333333333326,13540.25100551105,0.0,15.0,19947340.903298818,2070169.5765462269,0.3442666666666667,5000,5000,75000.0
334,static,1.0,75000.0,13540.25100551105,-333.33333333333326,13540.25100551105,0.0,15.0,19803988.30909548,2126792.924603791,0.3442666666666667,5000,5000,75000.0
335,static,1.0,75000.0,13540.25100551105,-333.33333333333326,13540.25100551105,0.0,15.0,19877235.238745317,2172193.259624846,0.3442666666666667,5000,5000,75000.0
336,static,1.0,75000.0,13540.25100551105,-333.33333333333326,13540.25100551105,0.0,15.0,20110924.27245504,2148345.9742376944,0.3442666666666667,5000,5000,75000.0
337,static,1.0,75000.0,13540.25100551105,-333.33333333333326,13540.25100551105,0.0,15.0,20300436.36395105,2246423.9011967545,0.3442666666666667,5000,5000,75000.0
338,static,1.0,75000.0,13540.25100551105,-333.33333333333326,13540.25100551105,0.0,15.0,19864565.133131854,1857908.7272105794,0.3442666666666667,5000,5000,75000.0
339,static,1.0,75000.0,13540.25100551105,-333.33333333333326,13540.25100551105,0.0,15.0,19997097.17046801,1997480.6351560603,0.3442666666666667,5000,5000,75000.0
340,static,1.0,75000.0,13540.25100551105,-333.33333333333326,13540.25100551105,0.0,15.0,19956093.530471575,1956040.9138184425,0.3442666666666667,5000,5000,75000.0
341,static,1.0,75000.0,13540.25100551105,-333.33333333333326,13540.25100551105,0.0,15.0,20169188.894692976,1960377.056827819,0.3442666666666667,5000,5000,75000.0
342,static,1.0,75000.0,13540.25100551105,-333.33333333333326,13540.25100551105,0.0,15.0,19707517.89502204,1973193.163783233,0.3442666666666667,5000,5000,75000.0
343,static,1.0,75000.0,13540.25100551105,-333.33333333333326,13540.25100551105,0.0,15.0,20340069.14111928,2096255.7985926901,0.3442666666666667,5000,5000,75000.0
344,static,1.0,75000.0,13540.25100551105,-333.33333333333326,13540.25100551105,0.0,15.0,19982730.86196318,1962968.4617496175,0.3442666666666667,5000,5000,75000.0
345,static,1.0,75000.0,13540.25100551105,-333.33333333333326,13540.25100551105,0.0,15.0,20199942.820585005,2136508.1198217603,0.3442666666666667,5000,5000,75000.0
346,static,1.0,75000.0,13540.25100551105,-333.33333333333326,13540.25100551105,0.0,15.0,20031161.37025086,1942881.0113168368,0.3442666666666667,5000,5000,75000.0
347,static,1.0,75000.0,13540.25100551105,-333.33333333333326,13540.25100551105,0.0,15.0,19857000.168949135,1942769.938149783,0.3442666666666667,5000,5000,75000.0
348,static,1.0,75000.0,13540.25100551105,-333.33333333333326,13540.25100551105,0.0,15.0,19801658.531631704,1884201.2770516481,0.3442666666666667,5000,5000,75000.0
349,static,1.0,75000.0,13540.25100551105,-333.33333333333326,13540.25100551105,0.0,15.0,19896919.05102846,1951156.0136760264,0.3442666666666667,5000,5000,75000.0
350,static,1.0,75000.0,13540.25100551105,-333.33333333333326,13540.25100551105,0.0,15.0,20256016.362726897,2065392.2707322058,0.3442666666666667,5000,5000,75000.0
351,static,1.0,75000.0,13540.25100551105,-333.33333333333326,13540.25100551105,0.0,15.0,20143890.71939066,1908351.2921349579,0.3442666666666667,5000,5000,75000.0
352,static,1.0,75000.0,13540.25100551105,-333.33333333333326,13540.25100551105,0.0,15.0,20023277.779932782,1990975.1710757522,0.3442666666666667,5000,5000,75000.0
353,static,1.0,75000.0,13540.25100551105,-333.33333333333326,13540.25100551105,0.0,15.0,20219187.83562562,2125203.274045151,0.3442666666666667,5000,5000,75000.0
354,static,1.0,75000.0,13540.25100551105,-333.33333333333326,13540.25100551105,0.0,15.0,19811715.094617207,1784153.5070837988,0.3442666666666667,5000,5000,75000.0
355,static,1.0,75000.0,13540.25100551105,-333.33333333333326,13540.25100551105,0.0,15.0,20105747.75657699,2018734.1368806832,0.3442666666666667,5000,5000,75000.0
356,static,1.0,75000.0,13540.25100551105,-333.33333333333326,13540.25100551105,0.0,15.0,19953035.82942088,2028978.6524626692,0.3442666666666667,5000,5000,75000.0
357,static,1.0,75000.0,13540.25100551105,-333.33333333333326,13540.25100551105,0.0,15.0,19935409.1590679,2050363.7639361985,0.3442666666666667,5000,5000,75000.0
358,static,1.0,75000.0,13540.25100551105,-333.33333333333326,13540.25100551105,0.0,15.0,20032654.765081365,1887694.8281073167,0.3442666666666667,5000,5000,75000.0
359,static,1.0,75000.0,13540.25100551105,-333.33333333333326,13540.25100551105,0.0,15.0,20051218.18433909,1831509.897527154,0.3442666666666667,5000,5000,75000.0
360,static,1.0,75000.0,13540.25100551105,-333.33333333333326,13540.25100551105,0.0,15.0,19926875.90791413,2030757.0964896267,0.3442666666666667,5000,5000,75000.0
361,static,1.0,75000.0,13540.25100551105,-333.33333333333326,13540.25100551105,0.0,15.0,20054034.826474663,2159653.3554470884,0.3442666666666667,5000,5000,75000.0
362,static,1.0,75000.0,13540.25100551105,-333.33333333333326,13540.25100551105,0.0,15.0,20301280.451049156,2043086.4506329966,0.3442666666666667,5000,5000,75000.0
363,static,1.0,75000.0,13540.25100551105,-333.33333333333326,13540.25100551105,0.0,15.0,20015903.94759044,1787262.3162141687,0.3442666666666667,5000,5000,75000.0
364,static,1.0,75000.0,13540.25100551105,-333.33333333333326,13540.25100551105,0.0,15.0,19745287.751449596,1866870.8577620394,0.3442666666666667,5000,5000,75000.0
365,static,1.0,75000.0,13540.25100551105,-333.33333333333326,13540.25100551105,0.0,15.0,20045788.10162145,2014530.146160719,0.3442666666666667,5000,5000,75000.0
366,static,1.0,75000.0,13540.25100551105,-333.33333333333326,13540.25100551105,0.0,15.0,19833808.78449953,1986457.940917073,0.3442666666666667,5000,5000,75000.0
367,static,1.0,75000.0,13540.25100551105,-333.33333333333326,13540.25100551105,0.0,15.0,20056335.7205119,2061763.1109639294,0.3442666666666667,5000,5000,75000.0
368,static,1.0,75000.0,13540.25100551105,-333.33333333333326,13540.25100551105,0.0,15.0,19774653.247973863,1962900.457099695,0.3442666666666667,5000,5000,75000.0
369,static,1.0,75000.0,13540.25100551105,-333.33333333333326,13540.25100551105,0.0,15.0,19784791.60396263,1904414.2385844465,0.3442666666666667,5000,5000,75000.0
370,static,1.0,75000.0,13540.25100551105,-333.33333333333326,13540.25100551105,0.0,15.0,19907819.46246358,1832171.5965016612,0.3442666666666667,5000,5000,75000.0
371,static,1.0,75000.0,13540.25100551105,-333.33333333333326,13540.25100551105,0.0,15.0,20022333.736878607,2002814.606460796,0.3442666666666667,5000,5000,75000.0
372,static,1.0,75000.0,13540.25100551105,-333.33333333333326,13540.25100551105,0.0,15.0,19806371.071732294,1878763.9393030694,0.3442666666666667,5000,5000,75000.0
373,static,1.0,75000.0,13540.25100551105,-333.33333333333326,13540.25100551105,0.0,15.0,20151486.828236245,2020387.3504395387,0.3442666666666667,5000,5000,75000.0
374,static,1.0,75000.0,13540.25100551105,-333.33333333333326,13540.25100551105,0.0,15.0,19605413.71133393,1732473.6541915948,0.3442666666666667,5000,5000,75000.0
375,static,1.0,75000.0,13540.25100551105,-333.33333333333326,13540.25100551105,0.0,15.0,19974107.07580064,1857143.8311517062,0.3442666666666667,5000,5000,75000.0
376,static,1.0,75000.0,13540.25100551105,-333.33333333333326,13540.25100551105,0.0,15.0,20169810.07179948,2114860.6801478434,0.3442666666666667,5000,5000,75000.0
377,static,1.0,75000.0,13540.25100551105,-333.33333333333326,13540.25100551105,0.0,15.0,20071969.607460536,1990325.0611549031,0.3442666666666667,5000,5000,75000.0
378,static,1.0,75000.0,13540.25100551105,-333.33333333333326,13540.25100551105,0.0,15.0,19754888.043661196,2002577.1123862565,0.3442666666666667,5000,5000,75000.0
379,static,1.0,75000.0,13540.25100551105,-333.33333333333326,13540.25100551105,0.0,15.0,19996548.07538702,1974046.7303300558,0.3442666666666667,5000,5000,75000.0
380,static,1.0,75000.0,13540.25100551105,-333.33333333333326,13540.25100551105,0.0,15.0,20014819.702040423,1958659.793543264,0.3442666666666667,5000,5000,75000.0
381,static,1.0,75000.0,13540.25100551105,-333.33333333333326,13540.25100551105,0.0,15.0,20008803.650168426,1846314.966206265,0.3442666666666667,5000,5000,75000.0
382,static,1.0,75000.0,13540.25100551105,-333.33333333333326,13540.25100551105,0.0,15.0,20056431.070336573,1905095.4797908706,0.3442666666666667,5000,5000,75000.0
383,static,1.0,75000.0,13540.25100551105,-333.33333333333326,13540.25100551105,0.0,15.0,19873822.96797071,2064235.94064512,0.3442666666666667,5000,5000,75000.0
384,static,1.0,75000.0,13540.25100551105,-333.33333333333326,13540.25100551105,0.0,15.0,20166638.10571296,2037087.5724658263,0.3442666666666667,5000,5000,75000.0
385,static,1.0,75000.0,13540.25100551105,-333.33333333333326,13540.25100551105,0.0,15.0,19995419.118556518,2002545.572688356,0.3442666666666667,5000,5000,75000.0
386,static,1.0,75000.0,13540.25100551105,-333.33333333333326,13540.25100551105,0.0,15.0,20040927.711490907,1986928.688122998,0.3442666666666667,5000,5000,75000.0
387,static,1.0,75000.0,13540.25100551105,-333.33333333333326,13540.25100551105,0.0,15.0,19908697.33811756,1946442.1488754924,0.3442666666666667,5000,5000,75000.0
388,static,1.0,75000.0,13540.25100551105,-333.33333333333326,13540.25100551105,0.0,15.0,19652474.54760967,1801691.8315966653,0.3442666666666667,5000,5000,75000.0
389,static,1.0,75000.0,13540.25100551105,-333.33333333333326,13540.25100551105,0.0,15.0,19892052.152443115,2214344.779647872,0.3442666666666667,5000,5000,75000.0
390,static,1.0,75000.0,13540.25100551105,-333.33333333333326,13540.25100551105,0.0,15.0,19892393.660550456,1973072.6286562989,0.3442666666666667,5000,5000,75000.0
391,static,1.0,75000.0,13540.25100551105,-333.33333333333326,13540.25100551105,0.0,15.0,19920374.254031688,2014676.3634284923,0.3442666666666667,5000,5000,75000.0
392,static,1.0,75000.0,13540.25100551105,-333.33333333333326,13540.25100551105,0.0,15.0,20063050.87054066,1882174.883345446,0.3442666666666667,5000,5000,75000.0
393,static,1.0,75000.0,13540.25100551105,-333.33333333333326,13540.25100551105,0.0,15.0,20439764.65879215,2190270.7683215616,0.3442666666666667,5000,5000,75000.0
394,static,1.0,75000.0,13540.25100551105,-333.33333333333326,13540.25100551105,0.0,15.0,19912569.917570062,2016523.0281755945,0.3442666666666667,5000,5000,75000.0
395,static,1.0,75000.0,13540.25100551105,-333.33333333333326,13540.25100551105,0.0,15.0,20099518.065957464,2140736.7488556677,0.3442666666666667,5000,5000,75000.0
396,static,1.0,75000.0,13540.25100551105,-333.33333333333326,13540.25100551105,0.0,15.0,20116947.129379872,1930596.5641201844,0.3442666666666667,5000,5000,75000.0
397,static,1.0,75000.0,13540.25100551105,-333.33333333333326,13540.25100551105,0.0,15.0,20024688.537583992,2069683.2983993327,0.3442666666666667,5000,5000,75000.0
398,static,1.0,75000.0,13540.25100551105,-333.33333333333326,13540.25100551105,0.0,15.0,20060796.7284228,1967537.0559661177,0.3442666666666667,5000,5000,75000.0
399,static,1.0,75000.0,13540.25100551105,-333.33333333333326,13540.25100551105,0.0,15.0,19822660.366411608,1791191.802380423,0.3442666666666667,5000,5000,75000.0
400,static,1.0,75000.0,13540.25100551105,-333.33333333333326,13540.25100551105,0.0,15.0,20051703.612516638,2089118.3571342432,0.3442666666666667,5000,5000,75000.0
401,static,1.0,75000.0,13540.25100551105,-333.33333333333326,13540.25100551105,0.0,15.0,20029990.373572417,2119584.2624443183,0.3442666666666667,5000,5000,75000.0
402,static,1.0,75000.0,13540.25100551105,-333.33333333333326,13540.25100551105,0.0,15.0,20043748.968143936,1979894.7105203287,0.3442666666666667,5000,5000,75000.0
403,static,1.0,75000.0,13540.25100551105,-333.33333333333326,13540.25100551105,0.0,15.0,19864099.06716508,2089254.9156698107,0.3442666666666667,5000,5000,75000.0
404,static,1.0,75000.0,13540.25100551105,-333.33333333333326,13540.25100551105,0.0,15.0,19922670.451585036,1821497.88313466,0.3442666666666667,5000,5000,75000.0
405,static,1.0,75000.0,13540.25100551105,-333.33333333333326,13540.25100551105,0.0,15.0,20318293.123678047,2278759.4933451735,0.3442666666666667,5000,5000,75000.0
406,static,1.0,75000.0,13540.25100551105,-333.33333333333326,13540.25100551105,0.0,15.0,20056924.958352212,1874900.9911235142,0.3442666666666667,5000,5000,75000.0
407,static,1.0,75000.0,13540.25100551105,-333.33333333333326,13540.25100551105,0.0,15.0,20047295.741797205,2031380.6718925936,0.3442666666666667,5000,5000,75000.0
408,static,1.0,75000.0,13540.25100551105,-333.33333333333326,13540.25100551105,0.0,15.0,19974866.388260435,2076026.1784491397,0.3442666666666667,5000,5000,75000.0
409,static,1.0,75000.0,13540.25100551105,-333.33333333333326,13540.25100551105,0.0,15.0,19912310.636992358,1887478.6537470692,0.3442666666666667,5000,5000,75000.0
410,static,1.0,75000.0,13540.25100551105,-333.33333333333326,13540.25100551105,0.0,15.0,19873119.520520024,2187471.8487973753,0.3442666666666667,5000,5000,75000.0
411,static,1.0,75000.0,13540.25100551105,-333.33333333333326,13540.25100551105,0.0,15.0,19707729.576600842,2112490.942993337,0.3442666666666667,5000,5000,75000.0
412,static,1.0,75000.0,13540.25100551105,-333.33333333333326,13540.25100551105,0.0,15.0,20258793.374644246,1921329.821701221,0.3442666666666667,5000,5000,75000.0
413,static,1.0,75000.0,13540.25100551105,-333.33333333333326,13540.25100551105,0.0,15.0,20024969.00623925,2021209.946397654,0.3442666666666667,5000,5000,75000.0
414,static,1.0,75000.0,13540.25100551105,-333.33333333333326,13540.25100551105,0.0,15.0,19972219.476545203,2066774.6676751259,0.3442666666666667,5000,5000,75000.0
415,static,1.0,75000.0,13540.25100551105,-333.33333333333326,13540.25100551105,0.0,15.0,20178963.158451073,2123576.6331721675,0.3442666666666667,5000,5000,75000.0
416,static,1.0,75000.0,13540.25100551105,-333.33333333333326,13540.25100551105,0.0,15.0,20210022.98723627,1964534.5125063832,0.3442666666666667,5000,5000,75000.0
417,static,1.0,75000.0,13540.25100551105,-333.33333333333326,13540.25100551105,0.0,15.0,20002019.3135885,2120103.4319307283,0.3442666666666667,5000,5000,75000.0
418,static,1.0,75000.0,13540.25100551105,-333.33333333333326,13540.25100551105,0.0,15.0,20064875.77354893,1932390.3903202733,0.3442666666666667,5000,5000,75000.0
419,static,1.0,75000.0,13540.25100551105,-333.33333333333326,13540.25100551105,0.0,15.0,19903904.461096343,2193041.394998195,0.3442666666666667,5000,5000,75000.0
420,static,1.0,75000.0,13540.25100551105,-333.33333333333326,13540.25100551105,0.0,15.0,20024877.15888727,1688813.0343344419,0.3442666666666667,5000,5000,75000.0
421,static,1.0,75000.0,13540.25100551105,-333.33333333333326,13540.25100551105,0.0,15.0,20045974.069739394,1934486.8316264402,0.3442666666666667,5000,5000,75000.0
422,static,1.0,75000.0,13540.25100551105,-333.33333333333326,13540.25100551105,0.0,15.0,20023941.655823726,1869045.1466638127,0.3442666666666667,5000,5000,75000.0
423,static,1.0,75000.0,13540.25100551105,-333.33333333333326,13540.25100551105,0.0,15.0,20011819.285137344,1938928.3748332239,0.3442666666666667,5000,5000,75000.0
424,static,1.0,75000.0,13540.25100551105,-333.33333333333326,13540.25100551105,0.0,15.0,20024204.368333355,2093438.7356046017,0.3442666666666667,5000,5000,75000.0
425,static,1.0,75000.0,13540.25100551105,-333.33333333333326,13540.25100551105,0.0,15.0,20026932.6542704,2083054.528226013,0.3442666666666667,5000,5000,75000.0
426,static,1.0,75000.0,13540.25100551105,-333.33333333333326,13540.25100551105,0.0,15.0,19754715.12268244,2046360.2569324593,0.3442666666666667,5000,5000,75000.0
427,static,1.0,75000.0,13540.25100551105,-333.33333333333326,13540.25100551105,0.0,15.0,19852932.377525743,1924682.713555025,0.3442666666666667,5000,5000,75000.0
428,static,1.0,75000.0,13540.25100551105,-333.33333333333326,13540.25100551105,0.0,15.0,19905520.962748524,1838034.1713717305,0.3442666666666667,5000,5000,75000.0
429,static,1.0,75000.0,13540.25100551105,-333.33333333333326,13540.25100551105,0.0,15.0,19986020.26002528,2130822.7887136084,0.3442666666666667,5000,5000,75000.0
430,static,1.0,75000.0,13540.25100551105,-333.33333333333326,13540.25100551105,0.0,15.0,19857065.070613533,1744269.0424367182,0.3442666666666667,5000,5000,75000.0
431,static,1.0,75000.0,13540.25100551105,-333.33333333333326,13540.25100551105,0.0,15.0,20177593.173058864,1968330.0632703828,0.3442666666666667,5000,5000,75000.0
432,static,1.0,75000.0,13540.25100551105,-333.33333333333326,13540.25100551105,0.0,15.0,20125755.29372714,2159756.491920157,0.3442666666666667,5000,5000,75000.0
433,static,1.0,75000.0,13540.25100551105,-333.33333333333326,13540.25100551105,0.0,15.0,19982877.23632324,2109973.963186377,0.3442666666666667,5000,5000,75000.0
434,static,1.0,75000.0,13540.25100551105,-333.33333333333326,13540.25100551105,0.0,15.0,19933335.392642412,1961863.4380205797,0.3442666666666667,5000,5000,75000.0
435,static,1.0,75000.0,13540.25100551105,-333.33333333333326,13540.25100551105,0.0,15.0,20062185.09789689,2082748.7773312328,0.3442666666666667,5000,5000,75000.0
436,static,1.0,75000.0,13540.25100551105,-333.33333333333326,13540.25100551105,0.0,15.0,20172552.277112205,2192849.4083437524,0.3442666666666667,5000,5000,75000.0
437,static,1.0,75000.0,13540.25100551105,-333.33333333333326,13540.25100551105,0.0,15.0,19919035.93007046,2068793.4705963405,0.3442666666666667,5000,5000,75000.0
438,static,1.0,75000.0,13540.25100551105,-333.33333333333326,13540.25100551105,0.0,15.0,19811339.066070706,2074465.458650098,0.3442666666666667,5000,5000,75000.0
439,static,1.0,75000.0,13540.25100551105,-333.33333333333326,13540.25100551105,0.0,15.0,19835891.45464826,2070260.8933366898,0.3442666666666667,5000,5000,75000.0
440,static,1.0,75000.0,13540.25100551105,-333.33333333333326,13540.25100551105,0.0,15.0,20020620.06133735,1964476.2030365532,0.3442666666666667,5000,5000,75000.0
441,static,1.0,75000.0,13540.25100551105,-333.33333333333326,13540.25100551105,0.0,15.0,19821069.1154664,1875727.0322642797,0.3442666666666667,5000,5000,75000.0
442,static,1.0,75000.0,13540.25100551105,-333.33333333333326,13540.25100551105,0.0,15.0,19727751.1837691,1842703.6074366802,0.3442666666666667,5000,5000,75000.0
443,static,1.0,75000.0,13540.25100551105,-333.33333333333326,13540.25100551105,0.0,15.0,20013665.27220036,2059152.5321550677,0.3442666666666667,5000,5000,75000.0
444,static,1.0,75000.0,13540.25100551105,-333.33333333333326,13540.25100551105,0.0,15.0,20075493.483506918,2180397.325549714,0.3442666666666667,5000,5000,75000.0
445,static,1.0,75000.0,13540.25100551105,-333.33333333333326,13540.25100551105,0.0,15.0,20051061.10102398,1858089.5910360452,0.3442666666666667,5000,5000,75000.0
446,static,1.0,75000.0,13540.25100551105,-333.33333333333326,13540.25100551105,0.0,15.0,19697203.044740077,2038233.0937731082,0.3442666666666667,5000,5000,75000.0
447,static,1.0,75000.0,13540.25100551105,-333.33333333333326,13540.25100551105,0.0,15.0,20094647.991342314,2177548.5185329793,0.3442666666666667,5000,5000,75000.0
448,static,1.0,75000.0,13540.25100551105,-333.33333333333326,13540.25100551105,0.0,15.0,20141233.72544308,1864938.770650404,0.3442666666666667,5000,5000,75000.0
449,static,1.0,75000.0,13540.25100551105,-333.33333333333326,13540.25100551105,0.0,15.0,19927997.47781479,1916960.7886291933,0.3442666666666667,5000,5000,75000.0
450,static,1.0,75000.0,13540.25100551105,-333.33333333333326,13540.25100551105,0.0,15.0,20234925.027081348,2050811.6696731702,0.3442666666666667,5000,5000,75000.0
451,static,1.0,75000.0,13540.25100551105,-333.33333333333326,13540.25100551105,0.0,15.0,20119143.96068558,1881409.4323417572,0.3442666666666667,5000,5000,75000.0
452,static,1.0,75000.0,13540.25100551105,-333.33333333333326,13540.25100551105,0.0,15.0,20055910.957100306,2098038.1288545276,0.3442666666666667,5000,5000,75000.0
453,static,1.0,75000.0,13540.25100551105,-333.33333333333326,13540.25100551105,0.0,15.0,20099324.764851786,1834682.886813383,0.3442666666666667,5000,5000,75000.0
454,static,1.0,75000.0,13540.25100551105,-333.33333333333326,13540.25100551105,0.0,15.0,19810769.40337958,2011046.8982239892,0.3442666666666667,5000,5000,75000.0
455,static,1.0,75000.0,13540.25100551105,-333.33333333333326,13540.25100551105,0.0,15.0,20053593.607952837,1864139.4966869568,0.3442666666666667,5000,5000,75000.0
456,static,1.0,75000.0,13540.25100551105,-333.33333333333326,13540.25100551105,0.0,15.0,19919894.40666261,1736255.929997274,0.3442666666666667,5000,5000,75000.0
457,static,1.0,75000.0,13540.25100551105,-333.33333333333326,13540.25100551105,0.0,15.0,20033488.6287966,2021322.6870579491,0.3442666666666667,5000,5000,75000.0
458,static,1.0,75000.0,13540.25100551105,-333.33333333333326,13540.25100551105,0.0,15.0,19807311.74213437,1937877.4416682995,0.3442666666666667,5000,5000,75000.0
459,static,1.0,75000.0,13540.25100551105,-333.33333333333326,13540.25100551105,0.0,15.0,19994696.934229042,2108089.535186255,0.3442666666666667,5000,5000,75000.0
460,static,1.0,75000.0,13540.25100551105,-333.33333333333326,13540.25100551105,0.0,15.0,19847173.3344184,2097281.3173932405,0.3442666666666667,5000,5000,75000.0
461,static,1.0,75000.0,13540.25100551105,-333.33333333333326,13540.25100551105,0.0,15.0,20132235.255457588,1932536.7220741995,0.3442666666666667,5000,5000,75000.0
462,static,1.0,75000.0,13540.25100551105,-333.33333333333326,13540.25100551105,0.0,15.0,19826372.34461525,2050666.1480974886,0.3442666666666667,5000,5000,75000.0
463,static,1.0,75000.0,13540.25100551105,-333.33333333333326,13540.25100551105,0.0,15.0,20076766.61828937,1966013.8839261618,0.3442666666666667,5000,5000,75000.0
464,static,1.0,75000.0,13540.25100551105,-333.33333333333326,13540.25100551105,0.0,15.0,19717859.80491264,1973360.7674527995,0.3442666666666667,5000,5000,75000.0
465,static,1.0,75000.0,13540.25100551105,-333.33333333333326,13540.25100551105,0.0,15.0,19880903.274868682,2163544.0597319435,0.3442666666666667,5000,5000,75000.0
466,static,1.0,75000.0,13540.25100551105,-333.33333333333326,13540.25100551105,0.0,15.0,20093286.7224632,1808764.3725655866,0.3442666666666667,5000,5000,75000.0
467,static,1.0,75000.0,13540.25100551105,-333.33333333333326,13540.25100551105,0.0,15.0,20178246.76320015,1990194.009039528,0.3442666666666667,5000,5000,75000.0
468,static,1.0,75000.0,13540.25100551105,-333.33333333333326,13540.25100551105,0.0,15.0,19990872.401571788,2057276.6762390516,0.3442666666666667,5000,5000,75000.0
469,static,1.0,75000.0,13540.25100551105,-333.33333333333326,13540.25100551105,0.0,15.0,20251472.860326234,2109366.384535643,0.3442666666666667,5000,5000,75000.0
470,static,1.0,75000.0,13540.25100551105,-333.33333333333326,13540.25100551105,0.0,15.0,19897168.937634867,2046943.7624047352,0.3442666666666667,5000,5000,75000.0
471,static,1.0,75000.0,13540.25100551105,-333.33333333333326,13540.25100551105,0.0,15.0,19911628.883715507,1800958.935353265,0.3442666666666667,5000,5000,75000.0
472,static,1.0,75000.0,13540.25100551105,-333.33333333333326,13540.25100551105,0.0,15.0,20156896.192456465,1959486.5488482455,0.3442666666666667,5000,5000,75000.0
473,static,1.0,75000.0,13540.25100551105,-333.33333333333326,13540.25100551105,0.0,15.0,20195670.78260058,1961114.581229712,0.3442666666666667,5000,5000,75000.0
474,static,1.0,75000.0,13540.25100551105,-333.33333333333326,13540.25100551105,0.0,15.0,20076307.819003295,2076843.4303425988,0.3442666666666667,5000,5000,75000.0
475,static,1.0,75000.0,13540.25100551105,-333.33333333333326,13540.25100551105,0.0,15.0,20042167.02773428,1949908.9097079015,0.3442666666666667,5000,5000,75000.0
476,static,1.0,75000.0,13540.25100551105,-333.33333333333326,13540.25100551105,0.0,15.0,20121337.520448882,2119400.664653854,0.3442666666666667,5000,5000,75000.0
477,static,1.0,75000.0,13540.25100551105,-333.33333333333326,13540.25100551105,0.0,15.0,19849802.300090253,1789628.6941835384,0.3442666666666667,5000,5000,75000.0
478,static,1.0,75000.0,13540.25100551105,-333.33333333333326,13540.25100551105,0.0,15.0,20015011.07895404,2310797.849217515,0.3442666666666667,5000,5000,75000.0
479,static,1.0,75000.0,13540.25100551105,-333.33333333333326,13540.25100551105,0.0,15.0,20044174.582508445,2181009.65932652,0.3442666666666667,5000,5000,75000.0
480,static,1.0,75000.0,13540.25100551105,-333.33333333333326,13540.25100551105,0.0,15.0,19883662.26791592,1712157.4232579956,0.3442666666666667,5000,5000,75000.0
481,static,1.0,75000.0,13540.25100551105,-333.33333333333326,13540.25100551105,0.0,15.0,20044882.169585492,2053345.4568326955,0.3442666666666667,5000,5000,75000.0
482,static,1.0,75000.0,13540.25100551105,-333.33333333333326,13540.25100551105,0.0,15.0,19834708.85394248,1964103.494041141,0.3442666666666667,5000,5000,75000.0
483,static,1.0,75000.0,13540.25100551105,-333.33333333333326,13540.25100551105,0.0,15.0,20013499.473559864,2004116.94427242,0.3442666666666667,5000,5000,75000.0
484,static,1.0,75000.0,13540.25100551105,-333.33333333333326,13540.25100551105,0.0,15.0,19886025.595611274,1920560.9788707353,0.3442666666666667,5000,5000,75000.0
485,static,1.0,75000.0,13540.25100551105,-333.33333333333326,13540.25100551105,0.0,15.0,19675633.639097415,1929717.3879185072,0.3442666666666667,5000,5000,75000.0
486,static,1.0,75000.0,13540.25100551105,-333.33333333333326,13540.25100551105,0.0,15.0,20131035.006612774,2096149.2258681692,0.3442666666666667,5000,5000,75000.0
487,static,1.0,75000.0,13540.25100551105,-333.33333333333326,13540.25100551105,0.0,15.0,19828726.466542955,1857940.2157952087,0.3442666666666667,5000,5000,75000.0
488,static,1.0,75000.0,13540.25100551105,-333.33333333333326,13540.25100551105,0.0,15.0,20267307.479689613,2137309.3427398806,0.3442666666666667,5000,5000,75000.0
489,static,1.0,75000.0,13540.25100551105,-333.33333333333326,13540.25100551105,0.0,15.0,20176087.057099804,1760418.5731325545,0.3442666666666667,5000,5000,75000.0
490,static,1.0,75000.0,13540.25100551105,-333.33333333333326,13540.25100551105,0.0,15.0,19948509.863533247,2004231.8160782263,0.3442666666666667,5000,5000,75000.0
491,static,1.0,75000.0,13540.25100551105,-333.33333333333326,13540.25100551105,0.0,15.0,20143581.699798763,2045429.3300854836,0.3442666666666667,5000,5000,75000.0
492,static,1.0,75000.0,13540.25100551105,-333.33333333333326,13540.25100551105,0.0,15.0,20263776.359970715,1968219.4192278497,0.3442666666666667,5000,5000,75000.0
493,static,1.0,75000.0,13540.25100551105,-333.33333333333326,13540.25100551105,0.0,15.0,20204683.092827283,2082725.069877903,0.3442666666666667,5000,5000,75000.0
494,static,1.0,75000.0,13540.25100551105,-333.33333333333326,13540.25100551105,0.0,15.0,19931976.181820806,1853039.571458108,0.3442666666666667,5000,5000,75000.0
495,static,1.0,75000.0,13540.25100551105,-333.33333333333326,13540.25100551105,0.0,15.0,20196641.15184754,1978973.0433501564,0.3442666666666667,5000,5000,75000.0
496,static,1.0,75000.0,13540.25100551105,-333.33333333333326,13540.25100551105,0.0,15.0,20240652.44236427,2253737.8761789585,0.3442666666666667,5000,5000,75000.0
497,static,1.0,75000.0,13540.25100551105,-333.33333333333326,13540.25100551105,0.0,15.0,20014400.184256237,2027896.7689624198,0.3442666666666667,5000,5000,75000.0
498,static,1.0,75000.0,13540.25100551105,-333.33333333333326,13540.25100551105,0.0,15.0,19969364.166124247,1869475.1807631254,0.3442666666666667,5000,5000,75000.0
499,static,1.0,75000.0,13540.25100551105,-333.33333333333326,13540.25100551105,0.0,15.0,19627807.11316124,1703220.6473324688,0.3442666666666667,5000,5000,75000.0
500,static,1.0,75000.0,13540.25100551105,-333.33333333333326,13540.25100551105,0.0,15.0,20316665.893298082,2063527.6264201142,0.3442666666666667,5000,5000,75000.0
501,static,1.0,75000.0,13540.25100551105,-333.33333333333326,13540.25100551105,0.0,15.0,20090747.015402943,2101189.298477407,0.3442666666666667,5000,5000,75000.0
502,static,1.0,75000.0,13540.25100551105,-333.33333333333326,13540.25100551105,0.0,15.0,19976175.310139306,1973984.0793458736,0.3442666666666667,5000,5000,75000.0
503,static,1.0,75000.0,13540.25100551105,-333.33333333333326,13540.25100551105,0.0,15.0,19966722.78958842,1879184.0732815708,0.3442666666666667,5000,5000,75000.0
504,static,1.0,75000.0,13540.25100551105,-333.33333333333326,13540.25100551105,0.0,15.0,20325046.160177894,2079210.1919426634,0.3442666666666667,5000,5000,75000.0
505,static,1.0,75000.0,13540.25100551105,-333.33333333333326,13540.25100551105,0.0,15.0,19945380.683628656,1848312.3993973606,0.3442666666666667,5000,5000,75000.0
506,static,1.0,75000.0,13540.25100551105,-333.33333333333326,13540.25100551105,0.0,15.0,20121471.496370178,2079435.011943951,0.3442666666666667,5000,5000,75000.0
507,static,1.0,75000.0,13540.25100551105,-333.33333333333326,13540.25100551105,0.0,15.0,19992948.31812488,1980063.758775469,0.3442666666666667,5000,5000,75000.0
508,static,1.0,75000.0,13540.25100551105,-333.33333333333326,13540.25100551105,0.0,15.0,19971009.218397252,2182511.5358542004,0.3442666666666667,5000,5000,75000.0
509,static,1.0,75000.0,13540.25100551105,-333.33333333333326,13540.25100551105,0.0,15.0,20042649.74029883,2103493.948413431,0.3442666666666667,5000,5000,75000.0
510,static,1.0,75000.0,13540.25100551105,-333.33333333333326,13540.25100551105,0.0,15.0,19799387.85157691,2041853.760911253,0.3442666666666667,5000,5000,75000.0
511,static,1.0,75000.0,13540.25100551105,-333.33333333333326,13540.25100551105,0.0,15.0,19948904.30569446,1949492.2075550824,0.3442666666666667,5000,5000,75000.0
512,static,1.0,75000.0,13540.25100551105,-333.33333333333326,13540.25100551105,0.0,15.0,20120751.773871407,2111137.925940259,0.3442666666666667,5000,5000,75000.0
513,static,1.0,75000.0,13540.25100551105,-333.33333333333326,13540.25100551105,0.0,15.0,20094772.26928552,2330491.445046565,0.3442666666666667,5000,5000,75000.0
514,static,1.0,75000.0,13540.25100551105,-333.33333333333326,13540.25100551105,0.0,15.0,19783658.996647224,2231533.048375615,0.3442666666666667,5000,5000,75000.0
515,static,1.0,75000.0,13540.25100551105,-333.33333333333326,13540.25100551105,0.0,15.0,19740053.269581497,1931671.0623834527,0.3442666666666667,5000,5000,75000.0
516,static,1.0,75000.0,13540.25100551105,-333.33333333333326,13540.25100551105,0.0,15.0,19860084.15862466,1919652.492361165,0.3442666666666667,5000,5000,75000.0
517,static,1.0,75000.0,13540.25100551105,-333.33333333333326,13540.25100551105,0.0,15.0,20240209.45240859,1847195.3867216432,0.3442666666666667,5000,5000,75000.0
518,static,1.0,75000.0,13540.25100551105,-333.33333333333326,13540.25100551105,0.0,15.0,19927850.012340333,1920592.0424029664,0.3442666666666667,5000,5000,75000.0
519,static,1.0,75000.0,13540.25100551105,-333.33333333333326,13540.25100551105,0.0,15.0,20390045.064643607,2273026.011103258,0.3442666666666667,5000,5000,75000.0
520,static,1.0,75000.0,13540.25100551105,-333.33333333333326,13540.25100551105,0.0,15.0,19702960.805966698,2080035.6996467947,0.3442666666666667,5000,5000,75000.0
521,static,1.0,75000.0,13540.25100551105,-333.33333333333326,13540.25100551105,0.0,15.0,19652539.342958476,2078768.5815774226,0.3442666666666667,5000,5000,75000.0
522,static,1.0,75000.0,13540.25100551105,-333.33333333333326,13540.25100551105,0.0,15.0,19992247.10129161,1947536.6389298558,0.3442666666666667,5000,5000,75000.0
523,static,1.0,75000.0,13540.25100551105,-333.33333333333326,13540.25100551105,0.0,15.0,19770201.33097846,1876895.969760405,0.3442666666666667,5000,5000,75000.0
524,static,1.0,75000.0,13540.25100551105,-333.33333333333326,13540.25100551105,0.0,15.0,19914848.62967112,2047917.5525830523,0.3442666666666667,5000,5000,75000.0
525,static,1.0,75000.0,13540.25100551105,-333.33333333333326,13540.25100551105,0.0,15.0,20173939.057769835,1936308.735154467,0.3442666666666667,5000,5000,75000.0
526,static,1.0,75000.0,13540.25100551105,-333.33333333333326,13540.25100551105,0.0,15.0,20335445.500947732,2108986.115363963,0.3442666666666667,5000,5000,75000.0
527,static,1.0,75000.0,13540.25100551105,-333.33333333333326,13540.25100551105,0.0,15.0,20063897.556658342,2074823.8962390171,0.3442666666666667,5000,5000,75000.0
528,static,1.0,75000.0,13540.25100551105,-333.33333333333326,13540.25100551105,0.0,15.0,19862208.551237293,1877385.2443593135,0.3442666666666667,5000,5000,75000.0
529,static,1.0,75000.0,13540.25100551105,-333.33333333333326,13540.25100551105,0.0,15.0,20093892.317865033,2018311.5796360166,0.3442666666666667,5000,5000,75000.0
530,static,1.0,75000.0,13540.25100551105,-333.33333333333326,13540.25100551105,0.0,15.0,19991680.420275047,2006203.0247641245,0.3442666666666667,5000,5000,75000.0
531,static,1.0,75000.0,13540.25100551105,-333.33333333333326,13540.25100551105,0.0,15.0,19809039.106952455,1890534.095563075,0.3442666666666667,5000,5000,75000.0
532,static,1.0,75000.0,13540.25100551105,-333.33333333333326,13540.25100551105,0.0,15.0,19989768.74257203,2010519.380104455,0.3442666666666667,5000,5000,75000.0
533,static,1.0,75000.0,13540.25100551105,-333.33333333333326,13540.25100551105,0.0,15.0,19855775.320617706,2055554.2636076612,0.3442666666666667,5000,5000,75000.0
534,static,1.0,75000.0,13540.25100551105,-333.33333333333326,13540.25100551105,0.0,15.0,19855341.128633935,1879049.532256556,0.3442666666666667,5000,5000,75000.0
535,static,1.0,75000.0,13540.25100551105,-333.33333333333326,13540.25100551105,0.0,15.0,19874062.531820256,1986705.5440828754,0.3442666666666667,5000,5000,75000.0
536,static,1.0,75000.0,13540.25100551105,-333.33333333333326,13540.25100551105,0.0,15.0,19794980.98100065,1899272.0017474855,0.3442666666666667,5000,5000,75000.0
537,static,1.0,75000.0,13540.25100551105,-333.33333333333326,13540.25100551105,0.0,15.0,20004472.50269463,2010716.9601364846,0.3442666666666667,5000,5000,75000.0
538,static,1.0,75000.0,13540.25100551105,-333.33333333333326,13540.25100551105,0.0,15.0,20260768.204690453,2048790.2041776692,0.3442666666666667,5000,5000,75000.0
539,static,1.0,75000.0,13540.25100551105,-333.33333333333326,13540.25100551105,0.0,15.0,19898514.684192855,2053232.2174820015,0.3442666666666667,5000,5000,75000.0
540,static,1.0,75000.0,13540.25100551105,-333.33333333333326,13540.25100551105,0.0,15.0,20027800.901017707,1987878.6084399198,0.3442666666666667,5000,5000,75000.0
541,static,1.0,75000.0,13540.25100551105,-333.33333333333326,13540.25100551105,0.0,15.0,19912517.788340975,1748506.730201354,0.3442666666666667,5000,5000,75000.0
542,static,1.0,75000.0,13540.25100551105,-333.33333333333326,13540.25100551105,0.0,15.0,20042457.666072976,2043203.3431493368,0.3442666666666667,5000,5000,75000.0
543,static,1.0,75000.0,13540.25100551105,-333.33333333333326,13540.25100551105,0.0,15.0,19944348.70050932,1861443.578007409,0.3442666666666667,5000,5000,75000.0
544,static,1.0,75000.0,13540.25100551105,-333.33333333333326,13540.25100551105,0.0,15.0,20039468.055998843,1987730.130276566,0.3442666666666667,5000,5000,75000.0
545,static,1.0,75000.0,13540.25100551105,-333.33333333333326,13540.25100551105,0.0,15.0,19881573.701675378,2087026.9135762055,0.3442666666666667,5000,5000,75000.0
546,static,1.0,75000.0,13540.25100551105,-333.33333333333326,13540.25100551105,0.0,15.0,20026020.74235615,1805413.4637662394,0.3442666666666667,5000,5000,75000.0
547,static,1.0,75000.0,13540.25100551105,-333.33333333333326,13540.25100551105,0.0,15.0,19951245.01581676,1959705.0590239195,0.3442666666666667,5000,5000,75000.0
548,static,1.0,75000.0,13540.25100551105,-333.33333333333326,13540.25100551105,0.0,15.0,19996029.498124905,2123458.3522025733,0.3442666666666667,5000,5000,75000.0
549,static,1.0,75000.0,13540.25100551105,-333.33333333333326,13540.25100551105,0.0,15.0,20087474.28493381,1981313.345364405,0.3442666666666667,5000,5000,75000.0
550,static,1.0,75000.0,13540.25100551105,-333.33333333333326,13540.25100551105,0.0,15.0,19829131.634511925,1861981.6826861105,0.3442666666666667,5000,5000,75000.0
551,static,1.0,75000.0,13540.25100551105,-333.33333333333326,13540.25100551105,0.0,15.0,20310624.818085186,2102501.950937062,0.3442666666666667,5000,5000,75000.0
552,static,1.0,75000.0,13540.25100551105,-333.33333333333326,13540.25100551105,0.0,15.0,19946367.32954961,1968668.0096578337,0.3442666666666667,5000,5000,75000.0
553,static,1.0,75000.0,13540.25100551105,-333.33333333333326,13540.25100551105,0.0,15.0,20018191.080292244,2040531.2713831763,0.3442666666666667,5000,5000,75000.0
554,static,1.0,75000.0,13540.25100551105,-333.33333333333326,13540.25100551105,0.0,15.0,19982778.98456972,1912188.571208207,0.3442666666666667,5000,5000,75000.0
555,static,1.0,75000.0,13540.25100551105,-333.33333333333326,13540.25100551105,0.0,15.0,20130496.158071626,2045549.385500554,0.3442666666666667,5000,5000,75000.0
556,static,1.0,75000.0,13540.25100551105,-333.33333333333326,13540.25100551105,0.0,15.0,20181582.625619933,2034875.1708302232,0.3442666666666667,5000,5000,75000.0
557,static,1.0,75000.0,13540.25100551105,-333.33333333333326,13540.25100551105,0.0,15.0,20028669.55048032,2049577.508105669,0.3442666666666667,5000,5000,75000.0
558,static,1.0,75000.0,13540.25100551105,-333.33333333333326,13540.25100551105,0.0,15.0,20159124.060570396,2027800.969457941,0.3442666666666667,5000,5000,75000.0
559,static,1.0,75000.0,13540.25100551105,-333.33333333333326,13540.25100551105,0.0,15.0,19931329.470626112,1756903.6162644217,0.3442666666666667,5000,5000,75000.0
560,static,1.0,75000.0,13540.25100551105,-333.33333333333326,13540.25100551105,0.0,15.0,20011171.22876092,1720903.1428099263,0.3442666666666667,5000,5000,75000.0
561,static,1.0,75000.0,13540.25100551105,-333.33333333333326,13540.25100551105,0.0,15.0,20175041.072940294,2138191.224378545,0.3442666666666667,5000,5000,75000.0
562,static,1.0,75000.0,13540.25100551105,-333.33333333333326,13540.25100551105,0.0,15.0,20157444.84080314,2080289.4487669424,0.3442666666666667,5000,5000,75000.0
563,static,1.0,75000.0,13540.25100551105,-333.33333333333326,13540.25100551105,0.0,15.0,20239138.792558298,2121144.197098607,0.3442666666666667,5000,5000,75000.0
564,static,1.0,75000.0,13540.25100551105,-333.33333333333326,13540.25100551105,0.0,15.0,19839869.643534265,2027027.0533905525,0.3442666666666667,5000,5000,75000.0
565,static,1.0,75000.0,13540.25100551105,-333.33333333333326,13540.25100551105,0.0,15.0,19813143.68255035,1914033.643651033,0.3442666666666667,5000,5000,75000.0
566,static,1.0,75000.0,13540.25100551105,-333.33333333333326,13540.25100551105,0.0,15.0,19956760.433534946,2084934.8491454548,0.3442666666666667,5000,5000,75000.0
567,static,1.0,75000.0,13540.25100551105,-333.33333333333326,13540.25100551105,0.0,15.0,20240134.03372953,1901358.1265238842,0.3442666666666667,5000,5000,75000.0
568,static,1.0,75000.0,13540.25100551105,-333.33333333333326,13540.25100551105,0.0,15.0,20169543.822273973,1976881.4841871033,0.3442666666666667,5000,5000,75000.0
569,static,1.0,75000.0,13540.25100551105,-333.33333333333326,13540.25100551105,0.0,15.0,19993420.19107791,1944585.5161185637,0.3442666666666667,5000,5000,75000.0
570,static,1.0,75000.0,13540.25100551105,-333.33333333333326,13540.25100551105,0.0,15.0,19535596.381193087,1917549.0266969118,0.3442666666666667,5000,5000,75000.0
571,static,1.0,75000.0,13540.25100551105,-333.33333333333326,13540.25100551105,0.0,15.0,20156096.592194207,2143122.3993626884,0.3442666666666667,5000,5000,75000.0
572,static,1.0,75000.0,13540.25100551105,-333.33333333333326,13540.25100551105,0.0,15.0,19845654.033521608,1829506.3413302135,0.3442666666666667,5000,5000,75000.0
573,static,1.0,75000.0,13540.25100551105,-333.33333333333326,13540.25100551105,0.0,15.0,19894356.198356267,2320486.6323949997,0.3442666666666667,5000,5000,75000.0
574,static,1.0,75000.0,13540.25100551105,-333.33333333333326,13540.25100551105,0.0,15.0,19916952.347611494,1923371.0350131455,0.3442666666666667,5000,5000,75000.0
575,static,1.0,75000.0,13540.25100551105,-333.33333333333326,13540.25100551105,0.0,15.0,19956018.044431493,1994591.5547891764,0.3442666666666667,5000,5000,75000.0
576,static,1.0,75000.0,13540.25100551105,-333.33333333333326,13540.25100551105,0.0,15.0,20169798.36306668,2020962.6778668955,0.3442666666666667,5000,5000,75000.0
577,static,1.0,75000.0,13540.25100551105,-333.33333333333326,13540.25100551105,0.0,15.0,20237448.558354985,2213389.344659896,0.3442666666666667,5000,5000,75000.0
578,static,1.0,75000.0,13540.25100551105,-333.33333333333326,13540.25100551105,0.0,15.0,19893014.34040055,1973666.6794588107,0.3442666666666667,5000,5000,75000.0
579,static,1.0,75000.0,13540.25100551105,-333.33333333333326,13540.25100551105,0.0,15.0,19875554.3080903,1961611.2453151217,0.3442666666666667,5000,5000,75000.0
580,static,1.0,75000.0,13540.25100551105,-333.33333333333326,13540.25100551105,0.0,15.0,19939545.482433986,1880420.8366757259,0.3442666666666667,5000,5000,75000.0
581,static,1.0,75000.0,13540.25100551105,-333.33333333333326,13540.25100551105,0.0,15.0,20006978.052967325,1907021.044669468,0.3442666666666667,5000,5000,75000.0
582,static,1.0,75000.0,13540.25100551105,-333.33333333333326,13540.25100551105,0.0,15.0,20115537.120429154,2227703.353095027,0.3442666666666667,5000,5000,75000.0
583,static,1.0,75000.0,13540.25100551105,-333.33333333333326,13540.25100551105,0.0,15.0,19944574.195173725,2072653.265011118,0.3442666666666667,5000,5000,75000.0
584,static,1.0,75000.0,13540.25100551105,-333.33333333333326,13540.25100551105,0.0,15.0,19986922.227648113,2062642.1862953661,0.3442666666666667,5000,5000,75000.0
585,static,1.0,75000.0,13540.25100551105,-333.33333333333326,13540.25100551105,0.0,15.0,20295400.57669553,1935238.9517898206,0.3442666666666667,5000,5000,75000.0
586,static,1.0,75000.0,13540.25100551105,-333.33333333333326,13540.25100551105,0.0,15.0,20122254.076061744,1950271.9860126982,0.3442666666666667,5000,5000,75000.0
587,static,1.0,75000.0,13540.25100551105,-333.33333333333326,13540.25100551105,0.0,15.0,19968410.705688775,1858580.2987452035,0.3442666666666667,5000,5000,75000.0
588,static,1.0,75000.0,13540.25100551105,-333.33333333333326,13540.25100551105,0.0,15.0,20328414.57579206,2151391.090427228,0.3442666666666667,5000,5000,75000.0
589,static,1.0,75000.0,13540.25100551105,-333.33333333333326,13540.25100551105,0.0,15.0,19936949.999055948,2118294.115166462,0.3442666666666667,5000,5000,75000.0
590,static,1.0,75000.0,13540.25100551105,-333.33333333333326,13540.25100551105,0.0,15.0,19877294.361173186,1931571.1770024397,0.3442666666666667,5000,5000,75000.0
591,static,1.0,75000.0,13540.25100551105,-333.33333333333326,13540.25100551105,0.0,15.0,19776530.27635334,1991980.1366633107,0.3442666666666667,5000,5000,75000.0
592,static,1.0,75000.0,13540.25100551105,-333.33333333333326,13540.25100551105,0.0,15.0,20073342.889902476,1856691.2262850935,0.3442666666666667,5000,5000,75000.0
593,static,1.0,75000.0,13540.25100551105,-333.33333333333326,13540.25100551105,0.0,15.0,19928039.7794463,1956950.112067098,0.3442666666666667,5000,5000,75000.0
594,static,1.0,75000.0,13540.25100551105,-333.33333333333326,13540.25100551105,0.0,15.0,19963084.26620942,2087182.9467406936,0.3442666666666667,5000,5000,75000.0
595,static,1.0,75000.0,13540.25100551105,-333.33333333333326,13540.25100551105,0.0,15.0,20199555.09526196,2267349.5680716042,0.3442666666666667,5000,5000,75000.0
596,static,1.0,75000.0,13540.25100551105,-333.33333333333326,13540.25100551105,0.0,15.0,20009460.67659622,2167838.1885302165,0.3442666666666667,5000,5000,75000.0
597,static,1.0,75000.0,13540.25100551105,-333.33333333333326,13540.25100551105,0.0,15.0,20073604.0120265,2218253.1838854165,0.3442666666666667,5000,5000,75000.0
598,static,1.0,75000.0,13540.25100551105,-333.33333333333326,13540.25100551105,0.0,15.0,20093322.768379726,1982692.8027288204,0.3442666666666667,5000,5000,75000.0
599,static,1.0,75000.0,13540.25100551105,-333.33333333333326,13540.25100551105,0.0,15.0,20029314.86915049,2172333.481353083,0.3442666666666667,5000,5000,75000.0
