slot,policy,jain,jain_allocation,urban_jain,rural_jain,alpha_0,alpha_1,alpha_2,weighted_fairness,gini,max_min,mean_rate,cell_edge_rate,operator_imbalance,num_users,num_allocated,total_allocation,urban_allocated,rural_allocated,total_urban,total_rural,urban_allocation_rate,rural_allocation_rate
0,static,0.9817745275972234,0.7656900444917336,0.9803106249490111,0.9817073142647507,2071.886059969453,255.05848473378896,-2.9936465722133656,255.05848473378896,0.28035407891638187,0.0,17656720.235729218,13727364.007615145,0.008875127413625394,100,78,2071.886059969453,36,25,50,30,0.72,0.8333333333333334
1,static,0.9829007503568794,0.7665832666369088,0.9841993506684645,0.9803916722144339,2009.7207665615645,252.78248757834007,-3.076367916388173,252.78248757834007,0.27599998091837263,0.0,17128087.13953909,14324774.882135417,0.008590321857902872,100,78,2009.7207665615645,36,25,50,30,0.72,0.8333333333333334
2,static,0.9798147267493419,0.7641463899434325,0.9797985525714542,0.9784666033813505,1991.7291644686964,251.94847772139588,-3.1150798467198593,251.94847772139588,0.28131457432886364,0.0,16975913.74818194,13871860.60949183,0.006230319336641754,100,78,1991.7291644686961,41,20,50,30,0.82,0.6666666666666666
3,static,0.9757571185383138,0.7609383232707565,0.9739849698225607,0.9700036307327886,2015.1961828952176,252.64704372058554,-3.0976317296093354,252.64704372058554,0.2897708133921424,0.0,17176267.486506157,12985996.208279515,0.01647222455580888,100,78,2015.1961828952178,40,22,50,30,0.8,0.7333333333333333
4,static,0.9745279473279597,0.7599787922784143,0.9714731915705368,0.9721358356701442,2034.3117823361144,253.33078137263695,-3.0727243758328644,253.33078137263695,0.29185874325330396,0.0,17338755.869888302,12983098.005145265,0.021958325619185537,100,78,2034.311782336115,38,24,50,30,0.76,0.8
5,static,0.9796493896367564,0.7639942348872811,0.9789118588971014,0.9767213534717847,2020.2044378473556,252.98501926823198,-3.0790853884562703,252.98501926823198,0.28404020601603364,0.0,17218321.957792938,12948892.964599187,0.019894527128055728,100,78,2020.2044378473558,39,22,50,30,0.78,0.7333333333333333
6,static,0.9773051876981762,0.7621563066884705,0.9761850019018133,0.9724646643395042,2035.6998884483955,253.48071146702955,-3.0635932220338757,253.48071146702955,0.28826386071785803,0.0,17350267.33537663,12950339.307477735,0.022138357156111343,100,78,2035.6998884483958,41,21,50,30,0.82,0.7
7,static,0.9760042308075947,0.7611306339395012,0.9732362831225359,0.9743666004119815,2017.6942605842721,252.74932224321083,-3.09356382243998,252.74932224321083,0.28926974828839347,0.0,17197491.358375955,12921141.317496406,0.01755201985118582,100,78,2017.6942605842721,39,25,50,30,0.78,0.8333333333333334
8,static,0.9763859209313415,0.7614432616733245,0.9725239242551087,0.9724048940630391,2016.2759780825872,252.73085370294098,-3.0919411464592033,252.73085370294098,0.2887217120928016,0.0,17185147.87288728,12975962.66250283,0.014761444486611985,100,78,2016.2759780825872,38,23,50,30,0.76,0.7666666666666667
9,static,0.9750767618356279,0.7604123010221849,0.9733906508185747,0.9703093394068802,2023.1932168667433,252.93704052375554,-3.0864734577705843,252.93704052375554,0.2908714820218967,0.0,17244153.536008693,13044179.94321566,0.01670784996371899,100,78,2023.1932168667431,40,23,50,30,0.8,0.7666666666666667
10,static,0.9785263720579113,0.7631153957637192,0.9770939384573868,0.974160775855076,2002.8312316127176,252.28104081935967,-3.1074640336596913,252.28104081935967,0.28612070580910043,0.0,17070816.70602609,12945071.75806949,0.013789653702005689,100,78,2002.8312316127176,40,22,50,30,0.8,0.7333333333333333
11,static,0.976415610712346,0.7614613757487743,0.9714509929499738,0.9753977991129279,2023.159088125502,252.98551292373563,-3.0828594807674476,252.98551292373563,0.2886965664122101,0.0,17243724.17316427,12952500.251048038,0.01994144471789383,100,78,2023.159088125502,36,24,50,30,0.72,0.8
12,static,0.9808995117832365,0.7649956067851684,0.9824416092982461,0.9725398755064301,2053.2975625759786,254.31603716842864,-3.023953723388725,254.31603716842864,0.28211562233001053,0.0,17498997.334461756,13111477.373088278,0.01789878344809126,100,78,2053.2975625759786,37,26,50,30,0.74,0.8666666666666667
13,static,0.9774261776260162,0.7622625358118021,0.9737814337301104,0.9773133528076244,2037.9338941957828,253.59743092726504,-3.0569416493505464,253.59743092726504,0.28702572391141534,0.0,17368986.066236682,13691933.69109823,0.022118957821494423,100,78,2037.933894195783,41,21,50,30,0.82,0.7
14,static,0.9770606197983424,0.7619721812673073,0.9758751532996688,0.9689272508666779,2016.6461500931332,252.7715682617214,-3.0893966447068415,252.7715682617214,0.2875306670761364,0.0,17188211.1198107,13377085.621628968,0.014456098521498761,100,78,2016.646150093133,40,19,50,30,0.8,0.6333333333333333
15,static,0.9745930454144877,0.7600299602386331,0.970956712196988,0.9743985612237911,2043.6508051429835,253.68321914769945,-3.059356118985637,253.68321914769945,0.29189640970083097,0.0,17418114.494121198,12955463.778521635,0.015235912382571604,100,78,2043.6508051429835,41,23,50,30,0.82,0.7666666666666667
16,static,0.9780742779271295,0.762775503391265,0.9732887495659803,0.9772980552743775,2060.532406973964,254.47539888338912,-3.022367768756964,254.47539888338912,0.2861534514002282,0.0,17560880.09028336,13831278.810379613,0.013573910994545635,100,78,2060.532406973964,38,21,50,30,0.76,0.7
17,static,0.9780627412453511,0.7627436264842956,0.9749324072310142,0.9754936120575078,2026.2004935316922,253.1407517438953,-3.0763130554647695,253.1407517438953,0.2868181942439445,0.0,17269581.458865244,12844087.516134199,0.014013949851573004,100,78,2026.2004935316922,38,21,50,30,0.76,0.7
18,static,0.9756195361264094,0.7608206934977677,0.9759008666157474,0.9693424812100114,2005.7828512127844,252.26014367965138,-3.1143488636575642,252.26014367965138,0.2909200387119868,0.0,17096514.986408442,12873486.673191374,0.02137833880929252,100,78,2005.7828512127842,41,23,50,30,0.82,0.7666666666666667
19,static,0.9730518455731846,0.758812728485677,0.970654556745917,0.9685568154991494,2004.3566777453434,252.13569632269613,-3.120996879530723,252.13569632269613,0.29261198583638715,0.0,17084521.344311945,12818563.044260245,0.022707458943218795,100,78,2004.3566777453436,39,25,50,30,0.78,0.8333333333333334
20,static,0.9739460629429091,0.759535859430209,0.9752275659534341,0.976672528149298,2094.4738944664896,255.58259338057715,-2.9865612229605074,255.58259338057715,0.2917426462683592,0.0,17849821.452320248,13695495.792205188,0.017599812039287288,100,78,2094.4738944664896,40,21,50,30,0.8,0.7
21,static,0.9728070177498446,0.7586079775212755,0.9766811245685636,0.972319258411347,2082.52420783307,255.04759201138756,-3.0126022211480445,255.04759201138756,0.2928613598898633,0.0,17749008.08681117,13440148.834552465,0.01972157780910022,100,78,2082.52420783307,37,24,50,30,0.74,0.8
22,static,0.9819083642494731,0.7657574149542387,0.9822810554383639,0.9844617320256907,1992.8713658244603,252.01443053630567,-3.114159327158281,252.01443053630567,0.2798005357319293,0.0,16985965.482870486,13798568.952716472,0.019448698200670078,100,78,1992.8713658244606,42,23,50,30,0.84,0.7666666666666667
23,static,0.9817568312329088,0.7656437802720112,0.981529851168665,0.9853672813726956,1980.3505527969085,251.5259553748788,-3.1329861078707846,251.5259553748788,0.28035099758629123,0.0,16879560.928894598,12819223.363888612,0.015670869626594364,100,78,1980.3505527969082,39,23,50,30,0.78,0.7666666666666667
24,static,0.9809739516210831,0.7650015142468163,0.9815740920422906,0.979276738994576,1958.6261774780417,250.61437964326538,-3.1730007129388134,250.61437964326538,0.2807719689215653,0.0,16695608.392736753,12664525.006013611,0.015523468111413807,100,78,1958.6261774780414,41,22,50,30,0.82,0.7333333333333333
25,static,0.9811804139406668,0.7651688401479235,0.9818746547549994,0.9823378541701648,1963.5395014604533,250.8230467920793,-3.1637966572118184,250.8230467920793,0.28042028185249257,0.0,16737212.434513113,12858518.818342213,0.009748433827403646,100,78,1963.539501460453,40,21,50,30,0.8,0.7
26,static,0.9805753503032147,0.7647021803644591,0.9817375873186768,0.9813096121440685,1990.0873695604816,251.84347893761546,-3.123838969148553,251.84347893761546,0.28213603192304504,0.0,16962643.693887915,13149577.751047913,0.016602327235190506,100,78,1990.0873695604814,33,27,50,30,0.66,0.9
27,static,0.9818522603163529,0.7656967433711971,0.9826940005114582,0.98261771619238,1961.7540926564113,250.7762357750551,-3.1647652087690803,250.7762357750551,0.2797862636617161,0.0,16721966.324410014,13139402.030330151,0.010720761357020603,100,78,1961.7540926564113,41,22,50,30,0.82,0.7333333333333333
28,static,0.981581956378648,0.7654887803093504,0.9820646861469261,0.9834984894938456,1963.483651407089,250.83979833803946,-3.162128252729791,250.83979833803946,0.2802746507612288,0.0,16736616.466322571,13125645.52987426,0.015595998995293181,100,78,1963.483651407089,37,24,50,30,0.74,0.8
29,static,0.9834159958895561,0.766955955010538,0.9806487097856253,0.9897638111955844,1973.2274885666404,251.32541708801477,-3.1372080534874143,251.32541708801477,0.27767743880799856,0.0,16818667.579082664,13785163.034309236,0.011391837012206585,100,78,1973.2274885666402,35,26,50,30,0.7,0.8666666666666667
30,static,0.9828316632477311,0.7664835455819641,0.9828698553703529,0.9850686140477862,1939.054352164855,249.93832518893703,-3.1945625292152298,249.93832518893703,0.278114665007962,0.0,16528779.888422852,12917102.0927523,0.011903613044876638,100,78,1939.054352164855,40,22,50,30,0.8,0.7333333333333333
31,static,0.9807981368832133,0.7648778216721906,0.9830496480256022,0.9805823116707064,1993.5481087085443,251.98510186576988,-3.1180109261740814,251.98510186576988,0.281618991408781,0.0,16992010.582581993,12895270.959844487,0.014634309289571323,100,78,1993.5481087085443,37,24,50,30,0.74,0.8
32,static,0.9816913847899968,0.7655691623621544,0.9805742154441885,0.9828469518278624,1950.736795005611,250.33321818273834,-3.1827392650926187,250.33321818273834,0.2802842737975917,0.0,16628454.696660547,12675423.277337559,0.00927642466176648,100,78,1950.7367950056112,40,23,50,30,0.8,0.7666666666666667
33,static,0.9796974927498342,0.7639996829832394,0.980485907623439,0.9802616558832441,1963.1457694738563,250.74080882702268,-3.1699771436655366,250.74080882702268,0.2835674584515204,0.0,16734169.93940822,12665193.485492678,0.018228362424719036,100,78,1963.1457694738563,35,25,50,30,0.7,0.8333333333333334
34,static,0.9806568148027455,0.7647588107397504,0.9788293707506327,0.9820678192618613,1958.0351040174342,250.5879466115978,-3.1737261516330504,250.5879466115978,0.2815807477628802,0.0,16690518.595536517,12955448.616788799,0.021056628217389406,100,78,1958.0351040174342,38,23,50,30,0.76,0.7666666666666667
35,static,0.9794488050434457,0.7638022172328922,0.9802393451795953,0.9781012051940331,1976.947681717786,251.26441437514998,-3.150216196166036,251.26441437514998,0.2843516272424911,0.0,16851477.78645658,12651228.294329392,0.014055831806469632,100,78,1976.9476817177858,39,23,50,30,0.78,0.7666666666666667
36,static,0.9824260750409048,0.7661733100161845,0.9811632652824798,0.9862215628683042,1976.7921226312071,251.41954312706235,-3.1356163387419373,251.41954312706235,0.27913469510497513,0.0,16849170.389115896,13166706.723084986,0.017117118180248525,100,78,1976.7921226312071,38,26,50,30,0.76,0.8666666666666667
37,static,0.9763835675773249,0.7613275891305279,0.9761421441905632,0.9736687609409506,1993.1215389623555,251.72187453892323,-3.143334992501736,251.72187453892323,0.2874166787034462,0.0,16990199.275272515,13037059.430899799,0.023609056670930162,100,78,1993.1215389623555,36,26,50,30,0.72,0.8666666666666667
38,static,0.9760340093705314,0.7610425229142196,0.9780105778511918,0.9683600220250973,1971.0438208960663,250.84117433906275,-3.1792981776229805,250.84117433906275,0.2876739347407835,0.0,16802881.0207225,12567730.98273592,0.020315867015452627,100,78,1971.0438208960663,38,23,50,30,0.76,0.7666666666666667
39,static,0.9772535828731447,0.7620115721947127,0.9779275271866761,0.9715445389807993,1990.897908474308,251.67146039420712,-3.1438601783795703,251.67146039420712,0.2859978575130129,0.0,16971174.493262477,13411339.976826759,0.020649233249540933,100,78,1990.8979084743078,41,22,50,30,0.82,0.7333333333333333
40,static,0.9742991661288003,0.7597506502736043,0.9792244596449022,0.9691322046112201,1992.1377397218016,251.64696163327582,-3.1437064996356914,251.64696163327582,0.29140437872506153,0.0,16981323.759455632,11700019.134608243,0.012062690724042424,100,78,1992.1377397218018,38,23,50,30,0.76,0.7666666666666667
41,static,0.9798718015109289,0.7641699312414487,0.9831435179363304,0.9782853169465507,2049.863656477357,254.12802725113562,-3.0345805803529973,254.12802725113562,0.2819023110193415,0.0,17470253.32606625,13494158.288652962,0.009046134840029474,100,78,2049.863656477357,37,25,50,30,0.74,0.8333333333333334
42,static,0.9760275154805456,0.7611143935372052,0.9813489922926956,0.97411736290248,2028.0809509995795,253.09797188386653,-3.084446597557845,253.09797188386653,0.2879572618852875,0.0,17286343.38730799,12549922.944944939,0.01029571530309692,100,78,2028.0809509995795,44,19,50,30,0.88,0.6333333333333333
43,static,0.9774252976523682,0.7622181104164939,0.9797124993606213,0.9751715563252901,2009.5451443537993,252.45357537978168,-3.1063487080827716,252.45357537978168,0.2861524367400399,0.0,17128567.963797256,12570175.188807275,0.011354193070558294,100,78,2009.545144353799,40,25,50,30,0.8,0.8333333333333334
44,static,0.9754453544092625,0.7606665491897119,0.9820945952309464,0.9698515844514655,2005.717019062129,252.2372227102233,-3.1171011868477323,252.2372227102233,0.28930437573228396,0.0,17096241.091384236,12633174.799970679,0.013500366356914872,100,78,2005.7170190621287,39,24,50,30,0.78,0.8
45,static,0.9747394017404133,0.7601038415421164,0.9781973014643222,0.9713816140668445,2003.5266226932592,252.11394789243923,-3.123963492655121,252.11394789243923,0.2904668763538505,0.0,17077874.46796273,12639978.539505085,0.012761002935532284,100,78,2003.5266226932592,39,23,50,30,0.78,0.7666666666666667
46,static,0.9753832553549274,0.7606094756752062,0.9786413892581921,0.9783059857701628,2028.8391775570728,253.0969000092211,-3.085648099609515,253.0969000092211,0.2899130600022717,0.0,17292879.914925538,12594202.329127992,0.00906169909532717,100,78,2028.8391775570733,39,24,50,30,0.78,0.8
47,static,0.9761589379074349,0.7612224579009257,0.9781061241120329,0.9751462511005073,2015.126021159875,252.61300943353814,-3.102421937038398,252.61300943353814,0.2884935521226748,0.0,17176187.753187,12607326.098304609,0.015229173170816068,100,78,2015.1260211598749,37,24,50,30,0.74,0.8
48,static,0.974516350530194,0.7599272278548684,0.9778708616447002,0.9723920531678071,1984.6532719031009,251.37757265068547,-3.15295885075516,251.37757265068547,0.29093475632085,0.0,16917597.919030074,12590116.146204535,0.01695893766338097,100,78,1984.6532719031009,37,25,50,30,0.74,0.8333333333333334
49,static,0.9747379970665017,0.7600847774827414,0.9779754966804038,0.9696882904624873,1956.928242516416,250.28969422835448,-3.1969624436943813,250.28969422835448,0.2896467103017517,0.0,16682346.782965852,12466775.304020593,0.01535948149874411,100,78,1956.928242516416,41,22,50,30,0.82,0.7333333333333333
50,static,0.9782265876953312,0.7628885017894191,0.982268105327026,0.9706770962358616,2069.3627755522816,254.7992806407464,-3.010926971471748,254.7992806407464,0.2859744164731106,0.0,17636034.444014642,13431548.823795516,0.011979382785419546,100,78,2069.362775552281,40,22,50,30,0.8,0.7333333333333333
51,static,0.9770934982621193,0.7619620585750857,0.9810152677448898,0.9777739776299338,2026.2184572789424,253.07594577939804,-3.082765922909944,253.07594577939804,0.2874618060915033,0.0,17270223.929079834,12787221.036529018,0.005039832851202686,100,78,2026.2184572789427,38,24,50,30,0.76,0.8
52,static,0.9766607837835944,0.7616178078160175,0.9795503235696575,0.9810992786315346,2019.4893467558702,252.8008964690472,-3.0942871679666233,252.8008964690472,0.28801704581072207,0.0,17213166.553308785,12784799.248022577,0.0014813282975445485,100,78,2019.4893467558704,41,23,50,30,0.82,0.7666666666666667
53,static,0.9797109671503182,0.7640080643666329,0.9831169111057019,0.9744047720273598,1996.937642837181,252.05827099411314,-3.118428415421018,252.05827099411314,0.28167412400963365,0.0,17021205.45220044,12646692.956574231,0.004581892219458927,100,78,1996.9376428371809,37,26,50,30,0.74,0.8666666666666667
54,static,0.9767408665383479,0.7616621122845654,0.9780049988801313,0.9762603282746484,1978.5213689462041,251.20613887360477,-3.1579819183805298,251.20613887360477,0.28782388632961586,0.0,16865435.192509115,12481790.058323888,0.012988384049462676,100,78,1978.5213689462037,38,26,50,30,0.76,0.8666666666666667
55,static,0.9755287755586669,0.7606675467567894,0.979174024637222,0.970701363162886,1898.9612692605021,247.96334755776638,-3.2933776179814678,247.96334755776638,0.2896297458290453,0.0,16190726.131342016,12001975.896569768,0.01620889925857849,100,78,1898.9612692605021,37,25,50,30,0.74,0.8333333333333334
56,static,0.971696214752213,0.7576134185787365,0.9751281143834193,0.9708111454751799,1909.8186109425023,248.21215880641435,-3.293257543061568,248.21215880641435,0.2951552475297359,0.0,16284083.218579425,11396674.32658093,0.013243428308497895,100,78,1909.8186109425023,38,23,50,30,0.76,0.7666666666666667
57,static,0.9683174204245886,0.7549308427311726,0.9742202901028546,0.9641594706276686,1896.2681335696293,247.50889001140473,-3.329576618465137,247.50889001140473,0.2999750714230194,0.0,16169982.26539673,10643533.342667194,0.015676593761705826,100,78,1896.2681335696293,43,22,50,30,0.86,0.7333333333333333
58,static,0.9733345523121025,0.7589140310799536,0.969576886186956,0.9816814838026016,1915.661423906668,248.50799207781876,-3.2782787507894633,248.50799207781876,0.2933209803065937,0.0,16333328.408954795,10956590.895420773,0.005907462251782736,100,78,1915.6614239066678,39,22,50,30,0.78,0.7333333333333333
59,static,0.9716819426396085,0.757642336695699,0.9722862327179598,0.977168435961359,1972.0711852558948,250.6975668176834,-3.1910232210965477,250.6975668176834,0.2954211589723319,0.0,16812144.30109316,11331434.705951117,0.01854008424818021,100,78,1972.0711852558948,42,22,50,30,0.84,0.7333333333333333
60,static,0.9805150581193588,0.7646769919789702,0.9792378249359371,0.9834406374447104,1987.704771746923,251.7721028503565,-3.1243677547156063,251.7721028503565,0.28308499317788716,0.0,16942063.791158263,13274635.840837784,0.01750005806736943,100,78,1987.7047717469227,40,20,50,30,0.8,0.6666666666666666
61,static,0.9789900024401097,0.7634896623352008,0.9792034754225666,0.9805131228537888,2022.6571461375777,253.0702941421658,-3.075210142167133,253.0702941421658,0.2854122003410209,0.0,17239019.741084874,13409609.162026754,0.015776815308450542,100,78,2022.6571461375777,41,21,50,30,0.82,0.7
62,static,0.9799192201314103,0.7642126023934414,0.9775021370938178,0.984744839582599,1993.644645222225,251.98585641858043,-3.1163961818161328,251.98585641858043,0.2839093966666393,0.0,16992528.58951371,13288716.555829266,0.01656812577423583,100,78,1993.6446452222253,40,20,50,30,0.8,0.6666666666666666
63,static,0.9800309939051958,0.7643014778606514,0.9811107494539896,0.9795282745023328,2000.5468022931027,252.25521619541354,-3.1057915876070945,252.25521619541354,0.28402637366820604,0.0,17051138.626725573,13375783.677457036,0.012921888351304034,100,78,2000.546802293103,36,23,50,30,0.72,0.7666666666666667
64,static,0.9779184043459139,0.7626199592228394,0.976535896375321,0.9812605712041952,1959.8441041988365,250.55978804857082,-3.1779937492130057,250.55978804857082,0.2874165413875176,0.0,16706105.449850703,12774351.975618681,0.01118236164128672,100,78,1959.8441041988365,38,24,50,30,0.76,0.8
65,static,0.9774996791969971,0.762280554097439,0.9757206440055387,0.9787666132238627,1941.1802910827555,249.79627167000186,-3.210009712888189,249.79627167000186,0.2877791456745944,0.0,16547846.268133245,12656212.453409148,0.015673907699912837,100,78,1941.1802910827553,42,20,50,30,0.84,0.6666666666666666
66,static,0.9780602248271838,0.7627210895943342,0.9771786740785305,0.9819368149176743,1933.7561128601058,249.52119894633856,-3.220246475563007,249.52119894633856,0.28730277641630964,0.0,16484736.712846793,12754279.36287473,0.011273437300916456,100,78,1933.7561128601058,41,21,50,30,0.82,0.7
67,static,0.9771973403711273,0.7620353195221491,0.9750568295054038,0.9792205892735886,1916.0836218625354,248.77531181719286,-3.2522252393341677,248.77531181719286,0.2883287182275276,0.0,16334943.018994514,12592308.358552322,0.014542768347966861,100,78,1916.0836218625354,40,23,50,30,0.8,0.7666666666666667
68,static,0.9762159299799337,0.7612915759712058,0.9747340122806196,0.9779518522032168,1976.3251621203108,251.151243684965,-3.1561451533093168,251.151243684965,0.29011108683984554,0.0,16846151.94413764,12910756.054696977,0.01498725431851744,100,78,1976.3251621203112,37,24,50,30,0.74,0.8
69,static,0.977827970468219,0.7625550199846823,0.9756016455896792,0.9819949507379645,1960.300471517102,250.58340053176914,-3.176412217795246,250.58340053176914,0.28748759690401227,0.0,16709882.586200604,13081563.51359224,0.017648698727421586,100,78,1960.300471517102,38,23,50,30,0.76,0.7666666666666667
70,static,0.9800184415815847,0.764277896983047,0.9790285166261472,0.9814498768504313,1959.6806071541669,250.64929254630792,-3.1701242573275903,250.64929254630792,0.28351416149208486,0.0,16704261.548771309,12971911.356985087,0.020208286801179254,100,78,1959.680607154167,36,28,50,30,0.72,0.9333333333333333
71,static,0.9766633179169815,0.7616295731559513,0.9748332319295577,0.9818503680334356,1951.0322285932773,250.161027727752,-3.19605890816138,250.161027727752,0.2893169174988748,0.0,16631516.77879323,12689532.115984693,0.020273082950015286,100,78,1951.0322285932773,41,22,50,30,0.82,0.7333333333333333
72,static,0.9783950841518533,0.7629832723474586,0.9775189186670453,0.9819673816975472,1923.0788108551362,249.1110305168757,-3.236088946722334,249.1110305168757,0.2861697363666609,0.0,16394035.222624868,12622592.119437953,0.015175452458655814,100,78,1923.078810855136,39,23,50,30,0.78,0.7666666666666667
73,static,0.9677372107864655,0.7544692953901435,0.9571626138122348,0.9798220746984075,1860.3148681606565,246.0195734065942,-3.3919210228515864,246.0195734065942,0.3012802618218209,0.0,15865033.390182428,10833289.36272735,0.018213216127286103,100,78,1860.3148681606567,38,25,50,30,0.76,0.8333333333333334
74,static,0.9713012298982386,0.757326012978352,0.9645379017457474,0.9838581082486362,1920.2090705535556,248.6414052386177,-3.273941285272401,248.6414052386177,0.2952623015614,0.0,16371973.10198023,12184228.537138369,0.02599360552871932,100,78,1920.2090705535556,38,23,50,30,0.76,0.7666666666666667
75,static,0.9676765682527101,0.7544700086066464,0.9638466532990542,0.9757874666842323,1914.7588530035664,248.2714631455056,-3.295260390729169,248.2714631455056,0.301073972800479,0.0,16326376.427501278,11179468.006668875,0.026431736475433842,100,78,1914.758853003566,43,20,50,30,0.86,0.6666666666666666
76,static,0.9776246584247519,0.7623824362106041,0.9717358152228597,0.985887657669405,1980.9655646829972,251.36671980531682,-3.1474271260562867,251.36671980531682,0.28665248061779613,0.0,16885643.408316452,12515794.063715553,0.012819589903492856,100,78,1980.9655646829972,36,27,50,30,0.72,0.9
77,static,0.97800089315303,0.762690128188437,0.9750378383109055,0.9867863747565536,2003.9285426348133,252.28415968688833,-3.109764717958105,252.28415968688833,0.2860614067114744,0.0,17080442.934893396,12491352.23825373,0.019672210182073657,100,78,2003.9285426348133,43,21,50,30,0.86,0.7
78,static,0.9760534691734678,0.7611588632775469,0.9707717788740803,0.9869501386977608,2001.4261461085166,252.10926913076884,-3.119697497802796,252.10926913076884,0.2895731791435996,0.0,17059480.8059998,12869178.219984941,0.014657087365756771,100,78,2001.4261461085166,35,26,50,30,0.7,0.8666666666666667
79,static,0.9809045670949549,0.7649778772810196,0.9792185353983003,0.9867280632689632,1990.5891980709075,251.89408279186466,-3.1195472709033236,251.89408279186466,0.2815857726237876,0.0,16966593.32769964,13122416.052031096,0.008049272713293032,100,78,1990.589198070908,36,27,50,30,0.72,0.9
80,static,0.9768027148314595,0.7617332351483901,0.9801411071986019,0.9680343084659963,1977.3149118810363,251.19225490402573,-3.155689964297507,251.19225490402573,0.2882474690854786,0.0,16854784.054295897,13148349.79528177,0.008880903321869527,100,78,1977.3149118810363,38,23,50,30,0.76,0.7666666666666667
81,static,0.9781560147710912,0.7628073437360522,0.9798694886709758,0.9771168992856275,1972.7029558525637,251.07952543842703,-3.156757600017115,251.07952543842703,0.2863322528907608,0.0,16815234.191019874,12935367.280643983,0.018029745345093495,100,78,1972.7029558525637,42,22,50,30,0.84,0.7333333333333333
82,static,0.975466263119188,0.7606718993209052,0.9791855048957332,0.9675572713556043,1942.0664592346966,249.74623061431527,-3.215940955335534,249.74623061431527,0.29036120923056785,0.0,16555806.408814155,13035954.567605304,0.015739625810805125,100,78,1942.0664592346968,37,25,50,30,0.74,0.8333333333333334
83,static,0.9771693544220607,0.7620177872341819,0.9819888535541857,0.9703943289466864,1946.3118839831534,249.98658074117253,-3.2030915024811235,249.98658074117253,0.28783159654838375,0.0,16591499.186544867,12810229.196430884,0.019479037881324324,100,78,1946.3118839831534,39,25,50,30,0.78,0.8333333333333334
84,static,0.9762112848059701,0.7612743971140068,0.9803459643602555,0.9697542821114307,1965.953299747952,250.73380554828975,-3.1738791850677317,250.73380554828975,0.2893657217451915,0.0,16758269.484742722,13211573.097007718,0.014854385266953374,100,78,1965.953299747952,40,24,50,30,0.8,0.8
85,static,0.9742083661340752,0.7596692558618451,0.9746978184204524,0.9718158160494934,1952.7566407848412,250.09716521753177,-3.2057681365555,250.09716521753177,0.2925666023839908,0.0,16647022.967361717,12552848.323281512,0.006402133152838552,100,78,1952.7566407848412,37,23,50,30,0.74,0.7666666666666667
86,static,0.9768565131021276,0.7617818837803776,0.9790973724390569,0.967306422953957,2010.5397687269888,252.482869914928,-3.104834327292974,252.482869914928,0.28808325177581473,0.0,17136910.681488283,13135532.897808438,0.009931329577717252,100,78,2010.5397687269883,40,23,50,30,0.8,0.7666666666666667
87,static,0.9767261045572927,0.761678396190479,0.9812826931296212,0.9711197523072304,2004.888018944845,252.25822860503743,-3.1139057633274034,252.25822860503743,0.28858362698704454,0.0,17088938.907371342,13182068.851440795,0.010408747737165047,100,78,2004.8880189448448,39,25,50,30,0.78,0.8333333333333334
88,static,0.9745062329668631,0.7599342159300962,0.975986699345281,0.9692436295342508,2001.376821896206,252.0360060561368,-3.1259136022453844,252.0360060561368,0.29219904224451776,0.0,17059421.904797345,12992077.603197638,0.013841732800314865,100,78,2001.376821896206,38,27,50,30,0.76,0.9
89,static,0.9745292652180202,0.7599562857229919,0.9761793990285215,0.9676344869794912,2009.0704276404879,252.33709130225083,-3.1137757400653827,252.33709130225083,0.29192778162663013,0.0,17124709.866071545,13279006.598578965,0.00798807579692351,100,78,2009.0704276404879,39,24,50,30,0.78,0.8
90,static,0.9790254577144772,0.7635016088767942,0.9833805866364002,0.9743907666109447,1998.300607912465,252.1188034398833,-3.113670240524745,252.1188034398833,0.28506368943874727,0.0,17032358.25589536,13145559.538750922,0.009189795465710082,100,78,1998.3006079124648,33,27,50,30,0.66,0.9
91,static,0.9766769742017284,0.761649680798443,0.9807657043160367,0.9705874514408976,1993.3957370287774,251.83062369843725,-3.1291623463557867,251.83062369843725,0.28864274318384786,0.0,16991130.358137943,13062641.462213848,0.013874125504746093,100,78,1993.3957370287774,33,27,50,30,0.66,0.9
92,static,0.977048740195621,0.7619144771727018,0.9763308968266112,0.9806649165976984,2018.1646434209601,252.74952253022195,-3.096946592367509,252.74952253022195,0.28789314444724656,0.0,17202015.358115528,12802067.738591664,0.008408798766120329,100,78,2018.16464342096,35,25,50,30,0.7,0.8333333333333334
93,static,0.9759545939825883,0.7610549715025163,0.9749480825976573,0.9792641471171721,2012.0269050352595,252.47174502923934,-3.1093166677387787,252.47174502923934,0.2899141797460769,0.0,17150020.99796092,12804223.238861762,0.01056728013495678,100,78,2012.0269050352595,35,25,50,30,0.7,0.8333333333333334
94,static,0.9782189338233369,0.7628345620056287,0.9761239170463722,0.9824527381928769,2023.8111479718916,253.01351922897788,-3.084838387854219,253.01351922897788,0.2857391671693421,0.0,17249806.823866304,13246473.786942832,0.01570839517736511,100,78,2023.8111479718916,43,22,50,30,0.86,0.7333333333333333
95,static,0.9784715975807561,0.7630670282523464,0.9844793909646878,0.972048837357907,2000.578281683549,252.19607111884173,-3.1109306318223577,252.19607111884173,0.2839205862594243,0.0,17051738.73109013,13154106.444442207,0.016569181865787153,100,78,2000.578281683549,38,23,50,30,0.76,0.7666666666666667
96,static,0.9730156635444779,0.7587632832259256,0.9797752538816289,0.9620943215208506,1989.5839310752274,251.53183209207063,-3.1473265454393298,251.53183209207063,0.29269138869871747,0.0,16959428.95141732,12404681.537072241,0.0077624914484579755,100,78,1989.5839310752274,39,23,50,30,0.78,0.7666666666666667
97,static,0.9764671318554133,0.7614815950654303,0.9829905318726638,0.9679463838679867,1992.5566879182884,251.79636229320747,-3.130670560277094,251.79636229320747,0.28639176393481414,0.0,16984054.61918898,12635437.211716767,0.01308805633675414,100,78,1992.5566879182884,36,24,50,30,0.72,0.8
98,static,0.9748368131351856,0.7602016353885641,0.9802967007491962,0.9679395123686535,2007.6713776263114,252.31131824921988,-3.1133062115065244,252.31131824921988,0.2895907208334514,0.0,17112683.276992504,12412824.695753181,0.013924034635639071,100,78,2007.6713776263111,40,23,50,30,0.8,0.7666666666666667
99,static,0.9775179530258861,0.7623217086194335,0.9849153751814482,0.9642331997157921,1983.461389340016,251.50574748942176,-3.138581502288816,251.50574748942176,0.2854463512994476,0.0,16906389.705051728,13175011.262139352,0.008101283113452595,100,78,1983.461389340016,42,20,50,30,0.84,0.6666666666666666
